place_id,business_name,rating,reviews,category,address,whatsapp_number,website,email,instagram,twitter
https://www.google.com/maps/place/US+Digital+Marketing/data=!4m7!3m6!1s0x880f95a1867fcb17:0x1165b6d7b209c94c!8m2!3d42.2385795!4d-87.8985803!16s%2Fg%2F1hm5y_5c3!19sChIJF8t_hqGVD4gRTMkJste2ZRE?authuser=0&hl=en&rclk=1,US Digital Marketing,4.8,(26),Marketing agency,100 Saunders Rd Suite 150,+1 847-574-6940,http://www.usdigitalmarketing.com/,,,
https://www.google.com/maps/place/Jives+Media/data=!4m7!3m6!1s0x808581e9a12555c7:0xe08604aff1829972!8m2!3d37.7766427!4d-122.4192126!16s%2Fg%2F11fszhdv9s!19sChIJx1UloemBhYARcpmC8a8EhuA?authuser=0&hl=en&rclk=1,Jives Media,5.0,(167),Marketing agency,100 Van Ness Ave UNIT 2213,+1 650-420-7455,https://www.jivesmedia.com/,,,
https://www.google.com/maps/place/Jives+Media/data=!4m7!3m6!1s0x89c259869319e7af:0x54953953a5ede7bb!8m2!3d40.7453911!4d-73.9904866!16s%2Fg%2F11jtxfx3x2!19sChIJr-cZk4ZZwokRu-ftpVM5lVQ?authuser=0&hl=en&rclk=1,Jives Media,4.9,(199),Marketing agency,800 6th Ave Suite 36C,+1 929-265-5595,https://www.jivesmedia.com/digital-marketing-agency-in-manhattan-ny/,,,
https://www.google.com/maps/place/Kobe+Digital/data=!4m7!3m6!1s0x80c2bf205ed6e6e5:0x5285c70d4d007a32!8m2!3d34.1018384!4d-118.3444008!16s%2Fg%2F11bzrgc31b!19sChIJ5ebWXiC_woARMnoATQ3HhVI?authuser=0&hl=en&rclk=1,Kobe Digital,4.7,(36),Internet marketing service,7083 Hollywood Blvd,+1 310-734-4030,http://www.kobedigital.com/,,,
"https://www.google.com/maps/place/Vab+Media+Digital+Agency,+LLC/data=!4m7!3m6!1s0x89c2598a7672325f:0xa13a4a00919176c2!8m2!3d40.7182981!4d-74.0022812!16s%2Fg%2F11bccmbbrk!19sChIJXzJydopZwokRwnaRkQBKOqE?authuser=0&hl=en&rclk=1","Vab Media Digital Agency, LLC",4.7,(26),Internet marketing service,,+1 510-909-7386,http://www.vabulous.com/,,,
https://www.google.com/maps/place/US+Digital+Partners/data=!4m7!3m6!1s0x8841b15917345f21:0xc99fb4e8c85a995d!8m2!3d39.1019813!4d-84.4999578!16s%2Fg%2F1tjfhjjl!19sChIJIV80F1mxQYgRXZlayOi0n8k?authuser=0&hl=en&rclk=1,US Digital Partners,5.0,(33),Marketing agency,720 E Pete Rose Wy Suite 400,+1 513-929-4603,https://www.usdigitalpartners.com/,,,
https://www.google.com/maps/place/Just+Digital+Inc./data=!4m7!3m6!1s0x80c2bf2058efec9f:0x4a768b9eebadfef2!8m2!3d34.0571801!4d-118.4175088!16s%2Fg%2F11b72rbfml!19sChIJn-zvWCC_woAR8v6t656Ldko?authuser=0&hl=en&rclk=1,Just Digital Inc.,4.8,(82),Marketing agency,10250 Constellation Blvd #2300,+1 424-210-7128,http://justdigitalinc.com/,,,
https://www.google.com/maps/place/Canesta+Digital+Marketing/data=!4m7!3m6!1s0x80c2bb674c9cd981:0x84b14a97608c3063!8m2!3d34.0488756!4d-118.4620338!16s%2Fg%2F11hbr208zd!19sChIJgdmcTGe7woARYzCMYJdKsYQ?authuser=0&hl=en&rclk=1,Canesta Digital Marketing,5.0,(37),Marketing agency,11755 Wilshire Blvd 11th floor,+1 213-325-6603,https://www.canesta.com/,,,
https://www.google.com/maps/place/Hunter+Digital+Marketing+Agency+-+Social+Media+%26+Search+Marketing+Agency+in+New+York/data=!4m7!3m6!1s0x89c288c707ca5129:0xb4c46c0ddce1cc86!8m2!3d40.7450692!4d-73.9934267!16s%2Fg%2F1td4l13m!19sChIJKVHKB8eIwokRhszh3A1sxLQ?authuser=0&hl=en&rclk=1,Hunter Digital Marketing Agency - Social Media & Search Marketing Agency in New York,4.9,(8),Marketing agency,137 W 25th St 11th floor,+1 212-202-1431,https://hunterdigitalmarketing.com/,,,
https://www.google.com/maps/place/DS%26P+Digital+Marketing+%26+PR+Agency/data=!4m7!3m6!1s0x89c2599a9eb4b881:0xa23129af8e50424f!8m2!3d40.7621698!4d-73.9728933!16s%2Fg%2F11spmcg4_6!19sChIJgbi0nppZwokRT0JQjq8pMaI?authuser=0&hl=en&rclk=1,DS&P Digital Marketing & PR Agency,4.9,(36),Marketing agency,590 Madison Ave 21st floor,+1 888-722-1998,https://www.dial911fordesign.com/,,,
https://www.google.com/maps/place/AB+MEDIA+USA/data=!4m7!3m6!1s0x80c2c1207dc43e67:0x68e8c51cb341ba53!8m2!3d34.1468633!4d-118.2530696!16s%2Fg%2F11gjt7wx_r!19sChIJZz7EfSDBwoARU7pBsxzF6Gg?authuser=0&hl=en&rclk=1,AB MEDIA USA,4.9,(98),Marketing agency,·,+1 844-400-4440,http://abmediausa.com/,,,
https://www.google.com/maps/place/1DIGITAL+AGENCY/data=!4m7!3m6!1s0x89c6c88f25a919f7:0x28aed96f35e761a!8m2!3d39.9508264!4d-75.1456653!16s%2Fg%2F11bbt9zk0l!19sChIJ9xmpJY_IxokRGnZe85btigI?authuser=0&hl=en&rclk=1,1DIGITAL AGENCY,4.9,(86),Marketing agency,·,+1 215-809-1567,https://www.1digitalagency.com/search-engine-optimization/?utm_source=GMB&utm_medium=organic&utm_campaign=1DA,,,
https://www.google.com/maps/place/DPDK+-+Brand+innovation+agency+for+the+bold/data=!4m7!3m6!1s0x89c25902c92c67df:0x5b3ee4d6938c150e!8m2!3d40.7180815!4d-73.961806!16s%2Fg%2F11c6cgzx74!19sChIJ32csyQJZwokRDhWMk9bkPls?authuser=0&hl=en&rclk=1,DPDK - Brand innovation agency for the bold,5.0,(51),Marketing agency,185 Wythe Ave,+1 718-782-4050,https://dpdk.com/contact/brand-innovation-agency-new-york?utm_source=google&utm_medium=my-business&utm_campaign=newyork,,,
https://www.google.com/maps/place/Aumcore/data=!4m7!3m6!1s0x89c259cdd583d39f:0xbb6b0028c2ab8586!8m2!3d40.735083!4d-73.9881983!16s%2Fg%2F11h5vz78my!19sChIJn9OD1c1ZwokRhoWrwigAa7s?authuser=0&hl=en&rclk=1,Aumcore,4.9,(22),Marketing agency,33 Irving Pl,+1 212-776-1414,https://www.aumcore.com/?utm_source=google&utm_medium=organic&utm_campaign=GMB,,,
https://www.google.com/maps/place/Digital+Drew+SEM/data=!4m7!3m6!1s0x89c258c741910ab1:0x7b88198b45022808!8m2!3d40.7429246!4d-73.9834751!16s%2Fg%2F11f24vg3gh!19sChIJsQqRQcdYwokRCCgCRYsZiHs?authuser=0&hl=en&rclk=1,Digital Drew SEM,4.9,(69),Advertising agency,·,+1 917-513-0533,https://www.digitaldrewsem.com/,,,
https://www.google.com/maps/place/Digital+Third+Coast/data=!4m7!3m6!1s0x880fd2bf41ad54bb:0x5d6c63713a451a8f!8m2!3d41.9105235!4d-87.6912775!16s%2Fg%2F1tj9clmt!19sChIJu1StQb_SD4gRjxpFOnFjbF0?authuser=0&hl=en&rclk=1,Digital Third Coast,4.8,(28),Marketing agency,2540 W North Ave,+1 773-904-2700,https://www.digitalthirdcoast.com/?utm_source=gbp&utm_medium=organic,,,
https://www.google.com/maps/place/Level+Agency/data=!4m7!3m6!1s0x89b7df9647e3c6a9:0x55cf62e4096997be!8m2!3d39.1736185!4d-76.811625!16s%2Fg%2F1v_ndddf!19sChIJqcbjR5bft4kRvpdpCeRiz1U?authuser=0&hl=en&rclk=1,Level Agency,4.9,(41),Marketing agency,8621 Robert Fulton Dr #110,+1 443-927-7195,https://www.level.agency/,,,
"https://www.google.com/maps/place/JS+Interactive,+LLC/data=!4m7!3m6!1s0x8805190c18c78f0b:0x1b0a1b73a9ee9f53!8m2!3d30.2848689!4d-97.7491054!16s%2Fg%2F1hm1z3plp!19sChIJC4_HGAwZBYgRU5_uqXMbChs?authuser=0&hl=en&rclk=1","JS Interactive, LLC",5.0,(66),Marketing agency,·,+1 512-522-5627,https://js-interactive.com/,,,
https://www.google.com/maps/place/Digital+Authority+Partners/data=!4m7!3m6!1s0x880e2cb6fa882389:0x48ee1f467b3aaab0!8m2!3d41.8949813!4d-87.6393029!16s%2Fg%2F11gbww29_d!19sChIJiSOI-rYsDogRsKo6e0Yf7kg?authuser=0&hl=en&rclk=1,Digital Authority Partners,4.9,(32),Internet marketing service,420 W Huron St Floor 1,+1 312-820-9893,https://www.digitalauthority.me/,,,
https://www.google.com/maps/place/WISE+Digital+Partners/data=!4m7!3m6!1s0x80d953fd0ea33f99:0x952632480978491c!8m2!3d32.7110037!4d-117.1663443!16s%2Fg%2F11h6my0h9_!19sChIJmT-jDv1T2YARHEl4CUgyJpU?authuser=0&hl=en&rclk=1,WISE Digital Partners,4.9,(68),Marketing agency,500 W Harbor Dr UNIT 303,+1 619-727-6165,https://www.wisedigitalpartners.com/,,,
https://www.google.com/maps/place/BluShark+Digital+LLC/data=!4m7!3m6!1s0x89b7c97b0327a527:0x8cc44e5de4d08656!8m2!3d38.910303!4d-76.996827!16s%2Fg%2F11hbljwqjy!19sChIJJ6UnA3vJt4kRVobQ5F1OxIw?authuser=0&hl=en&rclk=1,BluShark Digital LLC,4.9,(164),Internet marketing service,500 Penn St NE #2,+1 202-952-9794,https://blusharkdigital.com/?utm_source=GMBlisting&utm_medium=organic,,,
https://www.google.com/maps/place/PS+Digital+Marketing+Agency/data=!4m7!3m6!1s0x89e82e07e575181f:0x333e3c05a605f271!8m2!3d40.8132986!4d-73.2465946!16s%2Fg%2F11b8c3w57p!19sChIJHxh15Qcu6IkRcfIFpgU8PjM?authuser=0&hl=en&rclk=1,PS Digital Marketing Agency,5.0,(153),Internet marketing service,145 Marcus Blvd Suite 2,+1 631-665-4000,https://www.psdigitalli.com/,,,
https://www.google.com/maps/place/EWR+Digital/data=!4m7!3m6!1s0x8640c67f662de2d7:0x2cba08fb4d1206c7!8m2!3d29.8186597!4d-95.4771667!16s%2Fg%2F1vbl7zk2!19sChIJ1-ItZn_GQIYRxwYSTfsIuiw?authuser=0&hl=en&rclk=1,EWR Digital,4.9,(144),Internet marketing service,5999 W 34th St #106B,+1 713-592-6724,https://www.ewrdigital.com/service-areas/houston-marketing-agency,,,
https://www.google.com/maps/place/AdVenture+Media+Group/data=!4m7!3m6!1s0x89c265c02837d0bd:0x79cafd562781151!8m2!3d40.6325021!4d-73.7068328!16s%2Fg%2F11b6jh0t3s!19sChIJvdA3KMBlwokRURF4YtWvnAc?authuser=0&hl=en&rclk=1,AdVenture Media Group,4.9,(172),Marketing agency,·,+1 516-218-3722,http://www.adventureppc.com/,,,
https://www.google.com/maps/place/Outsmart+Labs/data=!4m7!3m6!1s0x88d9b69be8c18d9d:0xaabd43d5b75281db!8m2!3d25.7743825!4d-80.1918345!16s%2Fg%2F1yglp_rdy!19sChIJnY3B6Ju22YgR24FSt9VDvao?authuser=0&hl=en&rclk=1,Outsmart Labs,4.9,(96),Marketing agency,111 E Flagler St,+1 305-209-0807,https://outsmartlabs.com/?utm_source=GMB&utm_medium=Organic,,,
https://www.google.com/maps/place/DS%26P+Digital+Marketing+%26+PR+Agency/data=!4m7!3m6!1s0x880e2ca8a6b91a83:0x42c8b527ec02a9df!8m2!3d41.8773593!4d-87.624657!16s%2Fg%2F11dxf42jf9!19sChIJgxq5pqgsDogR36kC7Ce1yEI?authuser=0&hl=en&rclk=1,DS&P Digital Marketing & PR Agency,4.9,(76),Internet marketing service,·,+1 888-722-1998,http://www.dial911fordesign.com/,,,
https://www.google.com/maps/place/Covered+Digital+Marketing+Agency/data=!4m7!3m6!1s0x80dcdc37ec3f7ab1:0xa826bdd59f4e05e9!8m2!3d37.2695056!4d-119.306607!16s%2Fg%2F11dfqzdscs!19sChIJsXo_7Dfc3IAR6QVOn9W9Jqg?authuser=0&hl=en&rclk=1,Covered Digital Marketing Agency,5.0,(81),Marketing agency,,+1 949-297-6157,https://covereddigitalagency.com/,,,
https://www.google.com/maps/place/NEXT!+Digital+Ad+Agency/data=!4m7!3m6!1s0x89d6b4552bc870fd:0x2417eda73e9f3b88!8m2!3d43.1567957!4d-77.6087343!16s%2Fg%2F12hq6qyc5!19sChIJ_XDIK1W01okRiDufPqftFyQ?authuser=0&hl=en&rclk=1,NEXT! Digital Ad Agency,4.9,(387),Internet marketing service,130 E Main St floor 7,+1 585-484-1200,http://nextadagency.com/?utm_source=GMB&utm_medium=Website&utm_campaign=ROC,,,
https://www.google.com/maps/place/Brand+Center+USA+-+Digital+Marketing+%26+SEO+Agency/data=!4m7!3m6!1s0xaafe42df0c429409:0x7bb142373892af1e!8m2!3d39.7538432!4d-75.557425!16s%2Fg%2F11v_59bvyq!19sChIJCZRCDN9C_qoRHq-SODdCsXs?authuser=0&hl=en&rclk=1,Brand Center USA - Digital Marketing & SEO Agency,5.0,(19),Marketing agency,·,+1 650-472-5040,https://brandcenterusa.com/,,,
https://www.google.com/maps/place/The+Media+Captain/data=!4m7!3m6!1s0x88388ec576528ea5:0x35bd9a3d4f90cf2b!8m2!3d39.960317!4d-82.989386!16s%2Fg%2F1hm5x9gmk!19sChIJpY5SdsWOOIgRK8-QTz2avTU?authuser=0&hl=en&rclk=1,The Media Captain,5.0,(176),Marketing agency,394 E Town St,+1 614-564-9313,https://www.themediacaptain.com/,,,
https://www.google.com/maps/place/Jives+Media/data=!4m7!3m6!1s0x808f9f3ad26a79f5:0x6994a882fa91c3c4!8m2!3d37.3371187!4d-121.8893909!16s%2Fg%2F11hzl_0k9s!19sChIJ9Xlq0jqfj4ARxMOR-oKolGk?authuser=0&hl=en&rclk=1,Jives Media,5.0,(110),Internet marketing service,75 E Santa Clara St,+1 650-420-7455,https://www.jivesmedia.com/digital-marketing-agency-in-san-jose-ca,,,
https://www.google.com/maps/place/LYFE+Marketing/data=!4m7!3m6!1s0x88f504787a7d27f3:0xbfb6862b156e0879!8m2!3d46.423669!4d-129.9427086!16s%2Fg%2F1ptx8x6th!19sChIJ8yd9engE9YgReQhuFSuGtr8?authuser=0&hl=en&rclk=1,LYFE Marketing,4.5,(507),Marketing agency,,+1 404-596-7925,https://www.lyfemarketing.com/,,,
https://www.google.com/maps/place/Organic+Digital+Marketing/data=!4m7!3m6!1s0x89c25988509b84b7:0xd56e5c5df962c777!8m2!3d40.7759725!4d-73.9478532!16s%2Fg%2F11h39lwhx0!19sChIJt4SbUIhZwokRd8di-V1cbtU?authuser=0&hl=en&rclk=1,Organic Digital Marketing,4.6,(15),Internet marketing service,444E East 86th St,+1 646-980-3907,https://www.digital-marketing-usa.com/,,,
https://www.google.com/maps/place/829+Studios+Tech-Enabled+Digital+Marketing+Partner/data=!4m7!3m6!1s0x89e379bfcc2d2371:0x5caa545a5a37729b!8m2!3d42.3451232!4d-71.1021204!16s%2Fg%2F1hc38f6kh!19sChIJcSMtzL9544kRm3I3WlpUqlw?authuser=0&hl=en&rclk=1,829 Studios Tech-Enabled Digital Marketing Partner,4.9,(73),Marketing agency,201 Brookline Ave Suite 1404,+1 617-933-9824,https://829studios.com/?y_source=1_NTMwODk4NjQtNzE1LWxvY2F0aW9uLndlYnNpdGU%3D,,,
https://www.google.com/maps/place/Clickmen%E2%84%A2+Digital+Marketing+Agency/data=!4m7!3m6!1s0x2565cd107814b3cd:0x7fb95772890dcdd7!8m2!3d40.7591523!4d-73.9777136!16s%2Fg%2F11w43n2yct!19sChIJzbMUeBDNZSUR180NiXJXuX8?authuser=0&hl=en&rclk=1,Clickmen™ Digital Marketing Agency,5.0,(33),Internet marketing service,45 Rockefeller Plaza,+1 917-444-3666,https://clickmen.us/en/digital-marketing-agency-in-nyc-new-york-ny/,,,
https://www.google.com/maps/place/Momentum+Digital/data=!4m7!3m6!1s0x89c6c87e4ad7c659:0x260af7b52b62b9fa!8m2!3d39.9533456!4d-75.168079!16s%2Fg%2F11bxb9_w22!19sChIJWcbXSn7IxokR-rliK7X3CiY?authuser=0&hl=en&rclk=1,Momentum Digital,4.9,(150),Marketing agency,1635 Market St #1601,+1 215-876-2954,https://needmomentum.com/,,,
https://www.google.com/maps/place/Affordable+Digital+Marketing/data=!4m7!3m6!1s0x88d9ab044ca3ec05:0x37700e1ce5200b34!8m2!3d26.0105815!4d-80.1835833!16s%2Fg%2F11jmw1h3l2!19sChIJBeyjTASr2YgRNAsg5RwOcDc?authuser=0&hl=en&rclk=1,Affordable Digital Marketing,4.9,(47),Internet marketing service,4000 Hollywood Blvd suite 555-s,+1 754-816-6123,https://www.affordabledigitalmarketingfl.com/,,,
https://www.google.com/maps/place/1111+Media+Group+%7C+Family+Owned+Operated/data=!4m7!3m6!1s0x88d9b7f82fa47dcb:0x63e9fd6db8f8b9c9!8m2!3d25.760797!4d-80.2389514!16s%2Fg%2F11f4pfd7fq!19sChIJy32kL_i32YgRybn4uG396WM?authuser=0&hl=en&rclk=1,1111 Media Group | Family Owned Operated,4.9,(108),Marketing agency,1250 SW 27th Ave,+1 305-351-3103,https://1111mediagroup.com/miami,,,
https://www.google.com/maps/place/Ascend+Digital+Agency/data=!4m7!3m6!1s0x89c7013798004cdf:0xc6e49aec777ae7d0!8m2!3d42.88142!4d-78.88295!16s%2Fg%2F11nh68_3qn!19sChIJ30wAmDcBx4kR0Od6d-ya5MY?authuser=0&hl=en&rclk=1,Ascend Digital Agency,5.0,(116),Marketing agency,·,+1 716-201-0748,http://www.ascenddigitalexperts.com/,,,
https://www.google.com/maps/place/Human+Digital+Marketing+Agency/data=!4m7!3m6!1s0x80dce874409ff4c5:0xb0a122274ad80657!8m2!3d33.6770052!4d-117.7601396!16s%2Fg%2F11ggndgyrx!19sChIJxfSfQHTo3IARVwbYSiciobA?authuser=0&hl=en&rclk=1,Human Digital Marketing Agency,5.0,(11),Marketing agency,100 Progress #220,+1 949-416-2043,https://human.marketing/?utm_source=google&utm_medium=organic&utm_campaign=google_business_profile,,,
https://www.google.com/maps/place/EDNA+Digital+Marketing/data=!4m7!3m6!1s0x80c2b4d345504a2f:0x4468b08bf2e609a!8m2!3d33.8364003!4d-118.3526781!16s%2Fg%2F11g9g_j053!19sChIJL0pQRdO0woARmmAuvwiLRgQ?authuser=0&hl=en&rclk=1,EDNA Digital Marketing,5.0,(101),Marketing agency,21250 Hawthorne Blvd Suite 500,+1 310-742-1922,https://www.ednadigitalmarketing.com/,,,
https://www.google.com/maps/place/Lux+Digital+Marketing/data=!4m7!3m6!1s0x88c2e67f20de6aeb:0x7e14c59b07c366cc!8m2!3d27.7700657!4d-82.6364851!16s%2Fg%2F11gdknzs4f!19sChIJ62reIH_mwogRzGbDB5vFFH4?authuser=0&hl=en&rclk=1,Lux Digital Marketing,5.0,(79),Internet marketing service,260 1st Ave S,+1 813-856-5318,http://www.luxmarketingcompany.com/,,,
https://www.google.com/maps/place/Padula+Media+-+Digital+Marketing/data=!4m7!3m6!1s0x89c6f761e0b0cccf:0x186bce7e0cd50df9!8m2!3d39.9608829!4d-75.6064507!16s%2Fg%2F11fx2w0_zy!19sChIJz8yw4GH3xokR-Q3VDH7Oaxg?authuser=0&hl=en&rclk=1,Padula Media - Digital Marketing,5.0,(296),Internet marketing service,16 W Chestnut St,+1 610-357-7726,https://padulamedia.com/?utm_source=google&utm_medium=gbp&utm_campaign=west-chester,,,
https://www.google.com/maps/place/Blue+Ocean+Global+Technology/data=!4m7!3m6!1s0x89c25a16c0fb6d65:0xd1c38433e65fa9fc!8m2!3d40.7064496!4d-74.007757!16s%2Fg%2F11b7q5rvn0!19sChIJZW37wBZawokR_Klf5jOEw9E?authuser=0&hl=en&rclk=1,Blue Ocean Global Technology,5.0,(364),Marketing agency,70 Pine St #1324,+1 202-276-7589,https://www.blueoceanglobaltech.com/,,,
https://www.google.com/maps/place/Denver+Digital+Agency/data=!4m7!3m6!1s0x876c7f7ddbf23ac3:0x712157130b72d348!8m2!3d39.4050596!4d-104.8964855!16s%2Fg%2F11h4cw68dn!19sChIJwzry231_bIcRSNNyCxNXIXE?authuser=0&hl=en&rclk=1,Denver Digital Agency,4.8,(28),Internet marketing service,,+1 303-529-6979,https://denverdigitalagency.com/,,,
https://www.google.com/maps/place/Leadige+Media+Group/data=!4m7!3m6!1s0x89c25854e6aa136f:0x20cf9222f820b1e6!8m2!3d40.757068!4d-73.986446!16s%2Fg%2F12lkcfsch!19sChIJbxOq5lRYwokR5rEg-CKSzyA?authuser=0&hl=en&rclk=1,Leadige Media Group,4.9,(44),Marketing agency,1501 Broadway 12th floor,+1 646-303-7851,https://leadige.agency/,,,
https://www.google.com/maps/place/MeanPug+Digital/data=!4m7!3m6!1s0x89c258c0a3b14cf5:0x86c79fe751305875!8m2!3d40.6650628!4d-74.0150594!16s%2Fg%2F11ddzl9ypb!19sChIJ9Uyxo8BYwokRdVgwUeefx4Y?authuser=0&hl=en&rclk=1,MeanPug Digital,5.0,(25),Marketing agency,124 9th St Suite 254,+1 646-461-4213,https://www.meanpug.com/,,,
https://www.google.com/maps/place/Smash+Interactive+Agency+%7C+Digital+Marketing+Agency+Miami/data=!4m7!3m6!1s0x88d9b87eb019e7f3:0x5e66c24620b68227!8m2!3d25.722285!4d-80.3151668!16s%2Fg%2F12lr99t84!19sChIJ8-cZsH642YgRJ4K2IEbCZl4?authuser=0&hl=en&rclk=1,Smash Interactive Agency | Digital Marketing Agency Miami,5.0,(50),Marketing agency,7400 SW 50th Terrace STE 205,+1 786-981-4758,https://smashinteractiveagency.com/?utm_campaign=gmb,,,
https://www.google.com/maps/place/Digitalux/data=!4m7!3m6!1s0x89c2576759006caf:0x96c41cbbbb04247c!8m2!3d40.7430911!4d-74.0366219!16s%2Fg%2F1pp2t_ybt!19sChIJr2wAWWdXwokRfCQEu7scxJY?authuser=0&hl=en&rclk=1,Digitalux,5.0,(32),Marketing agency,·,+1 732-703-7491,http://digitalux.co/,,,
https://www.google.com/maps/place/Pillar+Digital+Marketing+Agency/data=!4m7!3m6!1s0x89c2c7cbe45f6bf1:0x31917ee25a9b919a!8m2!3d41.0293143!4d-73.7751349!16s%2Fg%2F11hdz3tknq!19sChIJ8Wtf5MvHwokRmpGbWuJ-kTE?authuser=0&hl=en&rclk=1,Pillar Digital Marketing Agency,5.0,(42),Marketing agency,·,+1 914-228-7575,https://pillardigitalmarketing.com/,,,
https://www.google.com/maps/place/Booyah+Advertising/data=!4m7!3m6!1s0x876c78e21252baff:0xc71e8744a87370ad!8m2!3d39.743642!4d-104.9854807!16s%2Fg%2F11b6sx31kg!19sChIJ_7pSEuJ4bIcRrXBzqESHHsc?authuser=0&hl=en&rclk=1,Booyah Advertising,5.0,(15),Advertising agency,1700 Lincoln St 46th Floor,+1 303-345-6100,https://www.booyah.com/,,,
https://www.google.com/maps/place/Jet+Digital/data=!4m7!3m6!1s0x80dc07df2a31c9d9:0xe505728174dbdb88!8m2!3d32.8714062!4d-117.2128364!16s%2Fg%2F11s5w03wn7!19sChIJ2ckxKt8H3IARiNvbdIFyBeU?authuser=0&hl=en&rclk=1,Jet Digital,4.9,(187),Marketing agency,4303 La Jolla Village Dr Suite 3130,+1 800-679-3309,http://jetdigital.com/,,,
https://www.google.com/maps/place/The+Digital+Marketing+Agency+%26+Consulting+Company+LLC/data=!4m7!3m6!1s0x808f950e1820569d:0xa53d59168cdec7c6!8m2!3d37.3738666!4d-121.8437743!16s%2Fg%2F11pbn8_3y1!19sChIJnVYgGA6Vj4ARxsfejBZZPaU?authuser=0&hl=en&rclk=1,The Digital Marketing Agency & Consulting Company LLC,4.8,(37),Marketing agency,422 N Capitol Ave,+1 510-706-3755,https://www.digitalmarketingagency-consultant.com/,,,
https://www.google.com/maps/place/365+Digital+Agency/data=!4m7!3m6!1s0x80c29789eb4f443b:0x3daae6d5bc769bd!8m2!3d34.15685!4d-118.484978!16s%2Fg%2F11f2wlf41l!19sChIJO0RP64mXwoARvWnHW22u2gM?authuser=0&hl=en&rclk=1,365 Digital Agency,5.0,(27),Marketing agency,16133 Ventura Blvd,+1 323-364-4614,https://365digitalagency.com/,,,
https://www.google.com/maps/place/inBeat+Agency/data=!4m7!3m6!1s0x89c25ba3a6cddb8b:0xcc9bfdeda918203d!8m2!3d40.7037765!4d-74.0119032!16s%2Fg%2F11nftss620!19sChIJi9vNpqNbwokRPSAYqe39m8w?authuser=0&hl=en&rclk=1,inBeat Agency,4.9,(235),Marketing agency,·,+1 212-466-6915,https://inbeat.agency/locations/new-york/influencer-marketing,,,
https://www.google.com/maps/place/Digital+NYC+Agency/data=!4m7!3m6!1s0x89c258f52d8a984f:0xf2bb8451229cd7c3!8m2!3d40.774285!4d-73.9807173!16s%2Fg%2F11kc8mrw7r!19sChIJT5iKLfVYwokRw9ecIlGEu_I?authuser=0&hl=en&rclk=1,Digital NYC Agency,4.9,(7),Marketing agency,·,+1 212-301-0575,https://www.digitalnycagency.com/,,,
https://www.google.com/maps/place/Hurricane+Digital+Marketing/data=!4m7!3m6!1s0x88d9c1a56c860469:0x184bf7d8fb399acb!8m2!3d25.6242723!4d-80.3420647!16s%2Fg%2F11h3tt94n5!19sChIJaQSGbKXB2YgRy5o5-9j3Sxg?authuser=0&hl=en&rclk=1,Hurricane Digital Marketing,5.0,(36),Marketing agency,15715 S Dixie Hwy Suite 416,+1 786-250-3522,https://hurricanedigitalmarketing.com/,,,
https://www.google.com/maps/place/Digital+Wheelhouse+Marketing+Agency/data=!4m7!3m6!1s0x865c6507a74ff707:0x85b01c29fae40d93!8m2!3d29.6013775!4d-98.5317951!16s%2Fg%2F11bv1bqj9p!19sChIJB_dPpwdlXIYRkw3k-ikcsIU?authuser=0&hl=en&rclk=1,Digital Wheelhouse Marketing Agency,5.0,(17),Marketing agency,2806 W Bitters Rd Suite #112,+1 210-796-7531,http://www.digitalwheelhouse.com/,,,
https://www.google.com/maps/place/Digital+Agency+USA/data=!4m7!3m6!1s0x88d92f2a1f7c21ff:0x30fa8bb61205fc84!8m2!3d46.423669!4d-129.9427086!16s%2Fg%2F11jvg47y65!19sChIJ_yF8Hyov2YgRhPwFEraL-jA?authuser=0&hl=en&rclk=1,Digital Agency USA,5.0,(4),Marketing agency,,+1 561-600-8703,http://digitalagencyusa.net/,,,
https://www.google.com/maps/place/Luna+Digital+Advertising/data=!4m7!3m6!1s0x89c2fbf6f2b7d3a3:0x38cc69a0e15f19de!8m2!3d40.8980095!4d-74.0345032!16s%2Fg%2F11hrhjyl7t!19sChIJo9O38vb7wokR3hlf4aBpzDg?authuser=0&hl=en&rclk=1,Luna Digital Advertising,5.0,(27),Marketing agency,·,+1 201-716-0606,http://lunadigital.com/,,,
https://www.google.com/maps/place/Intuitive+Digital/data=!4m7!3m6!1s0x54950ced2a7a2e69:0x7391b07c9ed06a86!8m2!3d45.5110947!4d-122.663048!16s%2Fg%2F11h0ft_3m!19sChIJaS56Ku0MlVQRhmrQnnywkXM?authuser=0&hl=en&rclk=1,Intuitive Digital,4.9,(58),Marketing agency,1661 SE 3rd Ave D203,+1 503-206-4988,https://intuitivedigital.com/?utm_source=google&utm_medium=organic&utm_campaign=gbp,,,
https://www.google.com/maps/place/Make+Your+Mark+Digital/data=!4m7!3m6!1s0x89c6c956ad3f0fc7:0xd6fe76564047c1b0!8m2!3d39.9657563!4d-75.1396084!16s%2Fg%2F11g_ydc4b8!19sChIJxw8_rVbJxokRsMFHQFZ2_tY?authuser=0&hl=en&rclk=1,Make Your Mark Digital,5.0,(19),Marketing agency,·,+1 917-740-3369,https://www.makeyourmarkdigital.com/,,,
https://www.google.com/maps/place/222+Digital+Marketing+Agency+Chicago/data=!4m7!3m6!1s0x880e2cb6f01ed3c7:0x3dc3535d214feefe!8m2!3d41.8889614!4d-87.6353983!16s%2Fg%2F11d_v70jn7!19sChIJx9Me8LYsDogR_u5PIV1Twz0?authuser=0&hl=en&rclk=1,222 Digital Marketing Agency Chicago,5.0,(25),Internet marketing service,·,+1 312-896-3005,https://222digitalmarketing.com/,,,
https://www.google.com/maps/place/Prime+Digital+SEO+%26+Digital+Marketing+Agency/data=!4m7!3m6!1s0x89c262d759b115c3:0x4889e9a93a9d05de!8m2!3d40.7137301!4d-73.6651868!16s%2Fg%2F11c2p_pmst!19sChIJwxWxWddiwokR3gWdOqnpiUg?authuser=0&hl=en&rclk=1,Prime Digital SEO & Digital Marketing Agency,5.0,(33),Internet marketing service,·,+1 516-500-1080,https://primedigitalseo.com/,,,
https://www.google.com/maps/place/Blackhawk+Digital+Marketing/data=!4m7!3m6!1s0x8644b509024f1687:0x52afd4e489746807!8m2!3d30.2705887!4d-97.75662!16s%2Fg%2F11cs1kd1nz!19sChIJhxZPAgm1RIYRB2h0ieTUr1I?authuser=0&hl=en&rclk=1,Blackhawk Digital Marketing,5.0,(55),Marketing agency,410 Baylor St unit b,+1 512-736-0127,https://www.blackhawkdm.com/,,,
"https://www.google.com/maps/place/Estes+Media+-+Digital+Marketing+Agency,+NJ/data=!4m7!3m6!1s0x89c257dd52240bb7:0xeaa4063768b1897f!8m2!3d40.7186728!4d-74.0348837!16s%2Fg%2F11hzx3nrk4!19sChIJtwskUt1XwokRf4mxaDcGpOo?authuser=0&hl=en&rclk=1","Estes Media - Digital Marketing Agency, NJ",5.0,(39),Marketing agency,·,+1 551-346-2647,https://www.estesmedia.com/,,,
https://www.google.com/maps/place/NEXT!+Digital+Ad+Agency/data=!4m7!3m6!1s0x880e2cbc9fe1c459:0xb3a270a314d6564!8m2!3d41.8803989!4d-87.6298355!16s%2Fg%2F11g02w69wp!19sChIJWcThn7wsDogRZGVNMQonOgs?authuser=0&hl=en&rclk=1,NEXT! Digital Ad Agency,4.8,(41),Internet marketing service,55 W Monroe St #2950,+1 872-213-5659,http://nextadagency.com/?utm_source=GMB&utm_medium=Website&utm_campaign=CHI,,,
https://www.google.com/maps/place/Peaks+Digital+Marketing+%7C+Denver+SEO/data=!4m7!3m6!1s0x876bedd8856e92db:0xc47fead70ff87763!8m2!3d39.7357068!4d-104.9938062!16s%2Fg%2F11clyfqv95!19sChIJ25Juhdjta4cRY3f4D9fqf8Q?authuser=0&hl=en&rclk=1,Peaks Digital Marketing | Denver SEO,4.9,(66),Internet marketing service,475 W 12th Ave UNIT 12D,+1 720-432-7115,https://www.peaksdigitalmarketing.com/,,,
https://www.google.com/maps/place/Lime+Digital+Agency/data=!4m7!3m6!1s0x88d9a9a50c891629:0x2645a746e2d171e9!8m2!3d26.1349296!4d-80.1412197!16s%2Fg%2F11c381x4fn!19sChIJKRaJDKWp2YgR6XHR4kanRSY?authuser=0&hl=en&rclk=1,Lime Digital Agency,5.0,(13),Marketing agency,901 Progresso Dr #205,+1 954-233-0709,http://www.limedigital.biz/,,,
https://www.google.com/maps/place/Cute+Digital+Media/data=!4m7!3m6!1s0x88d9a6714cc68e35:0x23c43db9a8dbb05b!8m2!3d25.8254519!4d-80.3140684!16s%2Fg%2F11h5tc7f3d!19sChIJNY7GTHGm2YgRW7DbqLk9xCM?authuser=0&hl=en&rclk=1,Cute Digital Media,5.0,(66),Marketing agency,5760 NW 72nd Ave,+1 305-250-2883,https://www.cutedigitalmedia.com/,,,
https://www.google.com/maps/place/Black+Digital/data=!4m7!3m6!1s0x89b7b7662a7e2b81:0x58c04a84bed4a05f!8m2!3d38.8990391!4d-77.0140448!16s%2Fg%2F11rsbwqvyz!19sChIJgSt-Kma3t4kRX6DUvoRKwFg?authuser=0&hl=en&rclk=1,Black Digital,5.0,(10),Marketing agency,·,+1 202-599-7128,http://blackdigitalgroup.com/,,,
https://www.google.com/maps/place/Hughes+Media+Digital+Agency/data=!4m7!3m6!1s0x88f50f60aa3212f3:0xdf25634891ca0c6b!8m2!3d33.897862!4d-84.460992!16s%2Fg%2F11cs1k1pj6!19sChIJ8xIyqmAP9YgRawzKkUhjJd8?authuser=0&hl=en&rclk=1,Hughes Media Digital Agency,4.9,(29),Marketing agency,280 Interstate N Cir SE UNIT 225,+1 404-848-0487,https://www.hughesmedia.us/?utm_source=google&utm_medium=organic&utm_campaign=gmb,,,
https://www.google.com/maps/place/SPICY+TRIBE+%7C+Advertising+Agency+%7C+%EC%A2%85%ED%95%A9+%EA%B4%91%EA%B3%A0+%EB%8C%80%ED%96%89%EC%82%AC+ATL+%26+BTL+%7C+%EC%98%A8%EB%9D%BC%EC%9D%B8+%EB%A7%88%EC%BC%80%ED%8C%85+%EB%B0%8F+%EC%A0%84%EC%8B%9C%2F%ED%96%89%EC%82%AC+%EC%A0%84%EB%AC%B8/data=!4m7!3m6!1s0x880cd7751bbbffff:0xbc374f04d71a8840!8m2!3d34.0521432!4d-118.3026106!16s%2Fg%2F11f4qdydry!19sChIJ__-7G3XXDIgRQIga1wRPN7w?authuser=0&hl=en&rclk=1,SPICY TRIBE | Advertising Agency | 종합 광고 대행사 ATL & BTL | 온라인 마케팅 및 전시/행사 전문,5.0,(23),Marketing agency,3060 W Olympic Blvd #722,+1 224-875-0441,http://www.spicytribe.com/,,,
"https://www.google.com/maps/place/USA+MARKETING+ONLINE,+LLC/data=!4m7!3m6!1s0x89c9d141a7697a39:0x2b58deb02e3e1c74!8m2!3d39.4032165!4d-77.3516671!16s%2Fg%2F11mxbs2tt7!19sChIJOXppp0HRyYkRdBw-LrDeWCs?authuser=0&hl=en&rclk=1","USA MARKETING ONLINE, LLC",5.0,(24),Marketing agency,·,+1 301-637-4693,https://www.usamarketingonline.us/,,,
https://www.google.com/maps/place/Click+Catalyst+Digital+Marketing+Agency/data=!4m7!3m6!1s0x808e346874ae2971:0x8de29e2269b395bf!8m2!3d37.3352759!4d-121.8915296!16s%2Fg%2F1hm519j54!19sChIJcSmudGg0joARv5WzaSKe4o0?authuser=0&hl=en&rclk=1,Click Catalyst Digital Marketing Agency,4.8,(23),Marketing agency,84 W Santa Clara St #700,+1 408-780-4409,https://www.clickcatalyst.net/,,,
https://www.google.com/maps/place/Golden+Web+Media/data=!4m7!3m6!1s0x89c2f622e4158a23:0x76d6cb1cc172c68e!8m2!3d40.7607986!4d-73.9717622!16s%2Fg%2F11dfwydkvs!19sChIJI4oV5CL2wokRjsZywRzL1nY?authuser=0&hl=en&rclk=1,Golden Web Media,5.0,(45),Marketing agency,·,+1 201-800-4692,https://goldenwebmedia.com/,,,
https://www.google.com/maps/place/Hashtag+Digital+Marketing/data=!4m7!3m6!1s0x88d9a1a32b31cdf5:0xcb94188aa8177b7d!8m2!3d26.0100243!4d-80.3960242!16s%2Fg%2F11h5mf40kq!19sChIJ9c0xK6Oh2YgRfXsXqIoYlMs?authuser=0&hl=en&rclk=1,Hashtag Digital Marketing,5.0,(27),Internet marketing service,18501 Pines Blvd Suite 300 #3030,+1 954-317-9950,http://www.hashtagdigitalmarketing.com/,,,
https://www.google.com/maps/place/J%26L+Marketing/data=!4m7!3m6!1s0x886999265394f637:0x6e4b5c81d58924a2!8m2!3d38.2238027!4d-85.5698391!16s%2Fg%2F1tdkyf4f!19sChIJN_aUUyaZaYgRoiSJ1YFcS24?authuser=0&hl=en&rclk=1,J&L Marketing,4.8,(108),Marketing agency,10140 Linn Station Rd Suite 301,+1 800-550-1064,https://www.jandlmarketing.com/?utm_source=google&utm_medium=organic&utm_campaign=googlemybusiness,,,
https://www.google.com/maps/place/DesignRush/data=!4m7!3m6!1s0x89c25888fff5a3d3:0x4c46cd9fd0e828f9!8m2!3d25.9427668!4d-80.1476779!16s%2Fg%2F11gdqw7gvb!19sChIJ06P1_4hYwokR-Sjo0J_NRkw?authuser=0&hl=en&rclk=1,DesignRush,4.8,(104),Internet marketing service,Biscayne Blvd #18117,+1 305-370-1017,https://www.designrush.com/,,,
https://www.google.com/maps/place/Acquired+Digital+Marketing/data=!4m7!3m6!1s0x88ee664becde7d07:0x40d92c5185370f18!8m2!3d40.7666593!4d-111.9057565!16s%2Fg%2F11hb68sr5h!19sChIJB33e7Etm7ogRGA83hVEs2UA?authuser=0&hl=en&rclk=1,Acquired Digital Marketing,5.0,(38),Marketing agency,505 W 100 S,+1 385-324-3720,http://www.acquirednow.biz/,,,
https://www.google.com/maps/place/THAT+Agency/data=!4m7!3m6!1s0x88d8d661f1e50ca1:0xb96c327dcb9a8f62!8m2!3d26.7077974!4d-80.0568982!16s%2Fg%2F1xb2fcdj!19sChIJoQzl8WHW2IgRYo-ay30ybLk?authuser=0&hl=en&rclk=1,THAT Agency,4.9,(46),Internet marketing service,700 S Rosemary Ave Suite 204-707,+1 561-832-6262,https://thatagency.com/digital-marketing-agency/?utm_source=Google+Business+Page+FL&utm_medium=organic,,,
https://www.google.com/maps/place/Iowa+Digital/data=!4m7!3m6!1s0x87ec2142d2e8562d:0x7bbe664d108a1327!8m2!3d41.5949114!4d-93.7607339!16s%2Fg%2F11ghshl3_3!19sChIJLVbo0kIh7IcRJxOKEE1mvns?authuser=0&hl=en&rclk=1,Iowa Digital,4.9,(35),Marketing agency,4150 Westown Pkwy # 101,+1 515-865-3366,https://iowadnb.com/,,,
https://www.google.com/maps/place/Limelight+Digital+Agency/data=!4m7!3m6!1s0x89c25f2fcc5d8a87:0x60f54497b0048d65!8m2!3d40.7053553!4d-73.8674512!16s%2Fg%2F11sm99jbm8!19sChIJh4pdzC9fwokRZY0EsJdE9WA?authuser=0&hl=en&rclk=1,Limelight Digital Agency,5.0,(10),Marketing agency,·,+1 347-853-6977,https://limelightdigitalagency.com/,,,
https://www.google.com/maps/place/AIS+Media/data=!4m7!3m6!1s0x88f50f5f5d46f43d:0xaaedc9537486d684!8m2!3d33.8464041!4d-84.3671687!16s%2Fg%2F1td05x9v!19sChIJPfRGXV8P9YgRhNaGdFPJ7ao?authuser=0&hl=en&rclk=1,AIS Media,5.0,(19),Marketing agency,3343 Peachtree Rd NE Ste. 145-239,+1 404-751-1043,https://aismedia.com/,,,
https://www.google.com/maps/place/North+American+Advertising+Agency/data=!4m7!3m6!1s0x26ec67a744d3bd67:0xbd05c26f2942ed44!8m2!3d26.7150318!4d-80.0516739!16s%2Fg%2F11q7dn62cy!19sChIJZ73TRKdn7CYRRO1CKW_CBb0?authuser=0&hl=en&rclk=1,North American Advertising Agency,4.9,(136),Advertising agency,290 N Olive Ave #504,+1 561-693-4065,https://northamericanadvertising.com/,,,
https://www.google.com/maps/place/Mountain+Air+Marketing/data=!4m7!3m6!1s0x8713453d3948ec09:0x6b52552b0c24fa9d!8m2!3d46.423669!4d-129.9427086!16s%2Fg%2F11g8y9fdjj!19sChIJCexIOT1FE4cRnfokDCtVUms?authuser=0&hl=en&rclk=1,Mountain Air Marketing,5.0,(195),Marketing agency,,+1 719-888-9056,https://mountainairmarketing.com/,,,
https://www.google.com/maps/place/Dynamic+Digital+Marketing/data=!4m7!3m6!1s0x80c8c3ba36db2ce7:0xb34850cb1e8799f5!8m2!3d36.1512677!4d-115.1792124!16s%2Fg%2F11hy1r8fkd!19sChIJ5yzbNrrDyIAR9ZmHHstQSLM?authuser=0&hl=en&rclk=1,Dynamic Digital Marketing,5.0,(41),Internet marketing service,·,+1 877-420-8883,https://fastseo.services/,,,
https://www.google.com/maps/place/Screen+Media+Group+%7C+Digital+Marketing+Agency/data=!4m7!3m6!1s0x88d9ac4a6a80ae37:0xbbd9b9dcac225790!8m2!3d25.9466344!4d-80.1638674!16s%2Fg%2F11cl_j5yqr!19sChIJN66Aakqs2YgRkFcirNy52bs?authuser=0&hl=en&rclk=1,Screen Media Group | Digital Marketing Agency,5.0,(15),Marketing agency,1835 NE Miami Gardens Dr #299,+1 754-300-0366,https://screenmediagroup.com/,,,
https://www.google.com/maps/place/Native+Digital/data=!4m7!3m6!1s0x87c0f0198cdc327b:0x281bb80fde221720!8m2!3d39.0938744!4d-94.5814212!16s%2Fg%2F11clytq8dw!19sChIJezLcjBnwwIcRIBci3g-4Gyg?authuser=0&hl=en&rclk=1,Native Digital,4.7,(15),Marketing agency,1612 Grand Blvd Suite 300,+1 816-360-9922,https://nativedigital.com/?utm_source=local&utm_medium=organic&utm_campaign=gmb,,,
https://www.google.com/maps/place/Jives+Media/data=!4m7!3m6!1s0x88d9b7734808b8e3:0x5c53c634cbc513d8!8m2!3d25.7671912!4d-80.1937041!16s%2Fg%2F11rcdg5rb5!19sChIJ47gISHO32YgR2BPFyzTGU1w?authuser=0&hl=en&rclk=1,Jives Media,5.0,(100),Marketing agency,78 SW 7th St,+1 650-420-7455,https://www.jivesmedia.com/digital-marketing-agency-in-miami/,,,
https://www.google.com/maps/place/Padula+Media+-+Digital+Marketing/data=!4m7!3m6!1s0x89c625bd44e2bd63:0x811912ae69899325!8m2!3d39.9493245!4d-75.1629922!16s%2Fg%2F11w1zmvpsn!19sChIJY73iRL0lxokRJZOJaa4SGYE?authuser=0&hl=en&rclk=1,Padula Media - Digital Marketing,5.0,(22),Marketing agency,·,+1 484-301-0460,https://padulamedia.com/philadelphia-pa/,,,
https://www.google.com/maps/place/Fruition/data=!4m7!3m6!1s0x876c7e96fe89468d:0x29adc1f8c3be61af!8m2!3d39.720627!4d-104.9799734!16s%2Fg%2F11b6_zzdfk!19sChIJjUaJ_pZ-bIcRr2G-w_jBrSk?authuser=0&hl=en&rclk=1,Fruition,4.9,(29),Internet marketing service,616 E Speer Blvd 3rd Floor,+1 303-395-1880,https://fruition.net/,,,
https://www.google.com/maps/place/Creative+360+Pro+%7C+Web+Design+%7C+PPC+%26+SEO+Agency/data=!4m7!3m6!1s0x89c26181afdd5467:0x775a956b0a85db01!8m2!3d40.8375555!4d-74.1355134!16s%2Fg%2F11frssl7_b!19sChIJZ1Tdr4FhwokRAduFCmuVWnc?authuser=0&hl=en&rclk=1,Creative 360 Pro | Web Design | PPC & SEO Agency,4.9,(266),Marketing agency,51 Frances St,+1 973-563-1729,https://creative360pro.com/,,,
https://www.google.com/maps/place/Zima+Media/data=!4m7!3m6!1s0x880e2cbf6ac71899:0x7cb3b6b562395470!8m2!3d42.0396485!4d-87.7530007!16s%2Fg%2F1hm22_mz5!19sChIJmRjHar8sDogRcFQ5YrW2s3w?authuser=0&hl=en&rclk=1,Zima Media,4.9,(78),Marketing agency,5025 Carol St,+1 312-667-3757,https://zimamedia.com/,,,
https://www.google.com/maps/place/Digital+Guider/data=!4m7!3m6!1s0x5335fb7ac38808cd:0x4c9a73644792cf7a!8m2!3d44.798837!4d-106.9527363!16s%2Fg%2F11f62r5rjd!19sChIJzQiIw3r7NVMRes-SR2Rzmkw?authuser=0&hl=en&rclk=1,Digital Guider,4.8,(599),Marketing agency,·,+1 307-209-3608,https://digitalguider.com/,,,
https://www.google.com/maps/place/IM+DigitalAgency+USA/data=!4m7!3m6!1s0x22192fedd9a933e9:0xb5e8c31be8d82845!8m2!3d40.6971415!4d-73.979506!16s%2Fg%2F11xfs3n87w!19sChIJ6TOp2e0vGSIRRSjY6BvD6LU?authuser=0&hl=en&rclk=1,IM DigitalAgency USA,5.0,(3),Website designer,,+1 430-775-5177,https://imdigitalagency.com/,,,
https://www.google.com/maps/place/Smart+Digital/data=!4m7!3m6!1s0x87d8cfc2ef10b03f:0x756589dab135711b!8m2!3d38.7769753!4d-89.9573059!16s%2Fg%2F11jfpk62t6!19sChIJP7AQ78LP2IcRG3E1sdqJZXU?authuser=0&hl=en&rclk=1,Smart Digital,4.8,(120),Marketing agency,·,+1 314-501-4250,https://www.smartdigitalteam.com/,,,
https://www.google.com/maps/place/Jives+Media/data=!4m7!3m6!1s0x89c291d817d0695d:0x1ee816b177d80328!8m2!3d40.9929289!4d-73.7360099!16s%2Fg%2F11q_kssx3x!19sChIJXWnQF9iRwokRKAPYd7EW6B4?authuser=0&hl=en&rclk=1,Jives Media,5.0,(43),Marketing agency,3 Westfield Ln,+1 929-265-5595,https://www.jivesmedia.com/digital-marketing-agency-in-westchester-county/,,,
https://www.google.com/maps/place/DMD+Creative+Ads+Studio/data=!4m7!3m6!1s0x8841b39f5169e3ad:0xd1f0985078a10b32!8m2!3d39.1425067!4d-84.5192066!16s%2Fg%2F11hksbtzpq!19sChIJreNpUZ-zQYgRMguheFCY8NE?authuser=0&hl=en&rclk=1,DMD Creative Ads Studio,5.0,(29),Marketing agency,·,+1 614-271-7810,http://dmdigitalads.com/,,,
https://www.google.com/maps/place/Oozle+Media/data=!4m7!3m6!1s0x875287d309e58329:0xa30fbdd943a194bb!8m2!3d40.5556597!4d-111.9140836!16s%2Fg%2F1yfprvywh!19sChIJKYPlCdOHUocRu5ShQ9m9D6M?authuser=0&hl=en&rclk=1,Oozle Media,4.9,(295),Marketing agency,10808 S River Front Pkwy Suite #140,+1 801-285-0006,https://www.oozlemedia.com/?utm_source=google&utm_medium=organic&utm_campaign=gmb,,,
https://www.google.com/maps/place/True+North+Social/data=!4m7!3m6!1s0x80c2ba87d77c8f09:0xc1b448bf07828fce!8m2!3d33.9835338!4d-118.3885141!16s%2Fg%2F11c5fz3437!19sChIJCY9814e6woARzo-CB79ItME?authuser=0&hl=en&rclk=1,True North Social,4.9,(31),Marketing agency,5855 Green Valley Cir #109,+1 310-694-5655,https://truenorthsocial.com/,,,
https://www.google.com/maps/place/DIGITAL+MARKETING+USA/data=!4m7!3m6!1s0x876ea559382bf1d5:0xb35680e954ac1cfc!8m2!3d40.4302101!4d-104.7557303!16s%2Fg%2F11w8hcclws!19sChIJ1fErOFmlbocR_BysVOmAVrM?authuser=0&hl=en&rclk=1,DIGITAL MARKETING USA,5.0,(4),Marketing agency,Open 24 hours,+1 720-586-1592,,,,
https://www.google.com/maps/place/USA+Marketing+Pros/data=!4m7!3m6!1s0x89b7b7e1ea1691ed:0xb2398a9c7c92d0bc!8m2!3d38.8634864!4d-77.0587322!16s%2Fg%2F11q1vhnt_1!19sChIJ7ZEW6uG3t4kRvNCSfJyKObI?authuser=0&hl=en&rclk=1,USA Marketing Pros,5.0,(10),Marketing agency,701 12th St S,+1 202-888-5895,https://usamarketingpros.com/,,,
https://www.google.com/maps/place/LAS+Digital+Agency/data=!4m7!3m6!1s0x80c297eb181505cb:0x6b66996a9797ef6e!8m2!3d34.1494199!4d-118.4379586!16s%2Fg%2F113gpl6zt!19sChIJywUVGOuXwoARbu-Xl2qZZms?authuser=0&hl=en&rclk=1,LAS Digital Agency,5.0,(1),Marketing agency,14011 Ventura Blvd #402,+1 213-245-1057,https://lasagency.com/,,,
https://www.google.com/maps/place/CD+Marketing+USA+LLC/data=!4m7!3m6!1s0x68bd016c1a353bc5:0xd2ad9695cac59787!8m2!3d40.7313175!4d-74.182074!16s%2Fg%2F11vl8ktqhv!19sChIJxTs1GmwBvWgRh5fFypWWrdI?authuser=0&hl=en&rclk=1,CD Marketing USA LLC,5.0,(20),Marketing agency,,+1 835-227-8382,http://cdmarketingusa.com/,,,
https://www.google.com/maps/place/Digital+Wave+Marketing+Solutions/data=!4m7!3m6!1s0x89a9f635c3f19c25:0xac0b99306b2f8e09!8m2!3d34.2339378!4d-77.8692103!16s%2Fg%2F11gbx8z5tw!19sChIJJZzxwzX2qYkRCY4vazCZC6w?authuser=0&hl=en&rclk=1,Digital Wave Marketing Solutions,5.0,(50),Marketing agency,5362 New Centre Dr apt c,+1 919-820-4505,http://digitalwavemarketingsolutions.com/,,,
https://www.google.com/maps/place/Digitality+Marketing/data=!4m7!3m6!1s0x89dd4d805150b9f3:0xf3a7bc814f7761c!8m2!3d41.2055988!4d-73.7270638!16s%2Fg%2F11hdw9dr5h!19sChIJ87lQUYBN3YkRHHb3FMh7Og8?authuser=0&hl=en&rclk=1,Digitality Marketing,4.9,(45),Marketing agency,125-131 Main St Suite #210,+1 845-630-7329,http://digitalitymarketing.com/,,,
https://www.google.com/maps/place/Full+Sail+Media/data=!4m7!3m6!1s0x89b7fd1710232013:0xbeb391ff3a71ae97!8m2!3d39.2611881!4d-76.6594155!16s%2Fg%2F1tgs1v4r!19sChIJEyAjEBf9t4kRl65xOv-Rs74?authuser=0&hl=en&rclk=1,Full Sail Media,5.0,(38),Marketing agency,2940 Washington Blvd,+1 410-777-8507,https://fullsail.media/,,,
https://www.google.com/maps/place/St.+Louis+Digital+Media/data=!4m7!3m6!1s0x87df32a2704672bf:0xa118c2f126bf35b8!8m2!3d38.7018448!4d-90.4430499!16s%2Fg%2F1jgm094x9!19sChIJv3JGcKIy34cRuDW_JvHCGKE?authuser=0&hl=en&rclk=1,St. Louis Digital Media,4.4,(33),Internet marketing service,2200 W Port Plaza Dr # 302,+1 314-200-5592,https://www.stlouisdigitalmedia.com/?utm_source=google&utm_medium=gmb&utm_campaign=google_listing,,,
https://www.google.com/maps/place/BAD+Marketing+%284Media%29/data=!4m7!3m6!1s0x88f59fe36b2d2199:0x117edf3fe2812e37!8m2!3d34.095992!4d-84.2438196!16s%2Fg%2F11mvh03w8m!19sChIJmSEta-Of9YgRNy6B4j_ffhE?authuser=0&hl=en&rclk=1,BAD Marketing (4Media),4.9,(147),Marketing agency,1111 Alderman Dr #450,+1 678-898-9947,https://www.badmarketing.com/,,,
https://www.google.com/maps/place/Sanctuary+Digital+Marketing+Group/data=!4m7!3m6!1s0x8836d3ea9f3d273d:0x2fbf9197ee3520dc!8m2!3d40.87599!4d-81.3991!16s%2Fg%2F1tgp1gfd!19sChIJPSc9n-rTNogR3CA17peRvy8?authuser=0&hl=en&rclk=1,Sanctuary Digital Marketing Group,4.9,(42),Marketing agency,219 E Maple St Ste 125,+1 330-266-1188,https://www.sanctuarymg.com/,,,
https://www.google.com/maps/place/NU+Media/data=!4m7!3m6!1s0x89c25945034ca73d:0xb763934204b0c8cc!8m2!3d40.7553099!4d-73.9914284!16s%2Fg%2F11k5k0bwwf!19sChIJPadMA0VZwokRzMiwBEKTY7c?authuser=0&hl=en&rclk=1,NU Media,5.0,(25),Marketing agency,·,+1 212-868-0868,http://www.nu.marketing/,,,
https://www.google.com/maps/place/Old+City+Media/data=!4m7!3m6!1s0x89c6c75e8962847d:0xe15424771554ea8e!8m2!3d39.9557979!4d-75.1768848!16s%2Fg%2F11gslq6r8h!19sChIJfYRiiV7HxokRjupUFXckVOE?authuser=0&hl=en&rclk=1,Old City Media,5.0,(128),Marketing agency,·,+1 267-939-0503,http://oldcitymedia.com/,,,
https://www.google.com/maps/place/Studio+3+Marketing/data=!4m7!3m6!1s0x80c2ea0da35fefb5:0xdea9731f2deb6707!8m2!3d34.1231479!4d-118.2546614!16s%2Fg%2F11bc7dqpp_!19sChIJte9fow3qwoARB2frLR9zqd4?authuser=0&hl=en&rclk=1,Studio 3 Marketing,5.0,(99),Marketing agency,1800 S Brand Blvd Suite 301,+1 888-351-3514,https://www.studio3marketing.com/?utm_source=GMBlisting&utm_medium=organic&utm_campaign=gmb,,,
https://www.google.com/maps/place/Y+Not+You+Media/data=!4m7!3m6!1s0x89c297bd38c6c599:0x4df8a68c87c7e392!8m2!3d41.0026725!4d-73.6598064!16s%2Fg%2F11h12tqd3c!19sChIJmcXGOL2XwokRkuPHh4ym-E0?authuser=0&hl=en&rclk=1,Y Not You Media,5.0,(201),Marketing agency,,,http://ynotyoumedia.com/,,,
https://www.google.com/maps/place/Union+Street+Media/data=!4m7!3m6!1s0x4cca7a5379ee349f:0x1885a06334db5b9b!8m2!3d44.4680302!4d-73.2075559!16s%2Fg%2F1tgn4byh!19sChIJnzTueVN6ykwRm1vbNGOghRg?authuser=0&hl=en&rclk=1,Union Street Media,4.8,(62),Advertising agency,444 S Union St,+1 802-865-3332,https://www.unionstreetmedia.com/,,,
https://www.google.com/maps/place/A3Digital+Media/data=!4m7!3m6!1s0x8359e27f4e0779f9:0xd96ce2e66b532e91!8m2!3d40.8501421!4d-74.4211437!16s%2Fg%2F11sstvn9m8!19sChIJ-XkHTn_iWYMRkS5Ta-bibNk?authuser=0&hl=en&rclk=1,A3Digital Media,5.0,(25),Marketing agency,·,+1 888-857-7609,https://a3digitals.marketing/,,,
https://www.google.com/maps/place/Tetra+Agency+-+Video+Marketing+Agency/data=!4m7!3m6!1s0x809ad15b32cd9c05:0xd8be16950ebde6fd!8m2!3d38.5729581!4d-121.4808319!16s%2Fg%2F11v13_vcc7!19sChIJBZzNMlvRmoAR_ea9DpUWvtg?authuser=0&hl=en&rclk=1,Tetra Agency - Video Marketing Agency,5.0,(101),Marketing consultant,2014 Capitol Ave,+1 916-661-8008,https://tetraagency.org/home,,,
https://www.google.com/maps/place/Stay+Wild+Digital+Marketing/data=!4m7!3m6!1s0x86249d8f8eadab3b:0x710a88c6e255907e!8m2!3d40.7259876!4d-111.8566218!16s%2Fg%2F11pqxwvpfs!19sChIJO6utjo-dJIYRfpBV4saICnE?authuser=0&hl=en&rclk=1,Stay Wild Digital Marketing,5.0,(14),Marketing agency,·,+1 385-501-3442,https://www.staywilddigital.com/,,,
https://www.google.com/maps/place/Amsive/data=!4m7!3m6!1s0x89c259a3c392b9e3:0xad99b403dc8da89c!8m2!3d40.7396961!4d-73.9898234!16s%2Fg%2F1thpxrf2!19sChIJ47mSw6NZwokRnKiN3AO0ma0?authuser=0&hl=en&rclk=1,Amsive,4.6,(9),Marketing agency,915 Broadway Ste 501,+1 212-661-8969,https://www.amsive.com/about/new-york/?utm_source=google&utm_medium=organic&utm_campaign=gbp+new+york+location,,,
