place_id,business_name,rating,reviews,category,address,whatsapp_number,website,email,instagram,twitter
https://www.google.com/maps/place/AB+MEDIA+USA/data=!4m7!3m6!1s0x80c2c1207dc43e67:0x68e8c51cb341ba53!8m2!3d34.1468633!4d-118.2530696!16s%2Fg%2F11gjt7wx_r!19sChIJZz7EfSDBwoARU7pBsxzF6Gg?authuser=0&hl=en&rclk=1,AB MEDIA USA,4.9,(96),Marketing agency,·,+1 844-400-4440,http://abmediausa.com/,,https://www.instagram.com/abmediausa/,https://x.com/ABMediaUSA/
https://www.google.com/maps/place/US+Digital+Marketing/data=!4m7!3m6!1s0x880f95a1867fcb17:0x1165b6d7b209c94c!8m2!3d42.2385795!4d-87.8985803!16s%2Fg%2F1hm5y_5c3!19sChIJF8t_hqGVD4gRTMkJste2ZRE?authuser=0&hl=en&rclk=1,US Digital Marketing,4.8,(27),Marketing agency,100 Saunders Rd Suite 150,+1 847-574-6940,http://www.usdigitalmarketing.com/,,,
https://www.google.com/maps/place/Jives+Media/data=!4m7!3m6!1s0x89c259869319e7af:0x54953953a5ede7bb!8m2!3d40.7453911!4d-73.9904866!16s%2Fg%2F11jtxfx3x2!19sChIJr-cZk4ZZwokRu-ftpVM5lVQ?authuser=0&hl=en&rclk=1,Jives Media,4.9,(200),Marketing agency,800 6th Ave Suite 36C,+1 929-265-5595,https://www.jivesmedia.com/digital-marketing-agency-in-manhattan-ny/,,https://www.instagram.com/jivesmedia/,https://x.com/jivesmedia/
https://www.google.com/maps/place/Jives+Media/data=!4m7!3m6!1s0x808581e9a12555c7:0xe08604aff1829972!8m2!3d37.7766427!4d-122.4192126!16s%2Fg%2F11fszhdv9s!19sChIJx1UloemBhYARcpmC8a8EhuA?authuser=0&hl=en&rclk=1,Jives Media,5.0,(167),Marketing agency,100 Van Ness Ave UNIT 2213,+1 650-420-7455,https://www.jivesmedia.com/,,https://www.instagram.com/jivesmedia/,https://x.com/jivesmedia/
https://www.google.com/maps/place/Aumcore/data=!4m7!3m6!1s0x89c259cdd583d39f:0xbb6b0028c2ab8586!8m2!3d40.735083!4d-73.9881983!16s%2Fg%2F11h5vz78my!19sChIJn9OD1c1ZwokRhoWrwigAa7s?authuser=0&hl=en&rclk=1,Aumcore,4.9,(22),Marketing agency,33 Irving Pl,+1 212-776-1414,https://www.aumcore.com/?utm_source=google&utm_medium=organic&utm_campaign=GMB,,,
https://www.google.com/maps/place/Kobe+Digital/data=!4m7!3m6!1s0x80c2bf205ed6e6e5:0x5285c70d4d007a32!8m2!3d34.1018384!4d-118.3444008!16s%2Fg%2F11bzrgc31b!19sChIJ5ebWXiC_woARMnoATQ3HhVI?authuser=0&hl=en&rclk=1,Kobe Digital,4.7,(36),Internet marketing service,7083 Hollywood Blvd,+1 310-734-4030,http://www.kobedigital.com/,,https://www.instagram.com/kobeagency/,https://x.com/kobedigital/
https://www.google.com/maps/place/AdVenture+Media+Group/data=!4m7!3m6!1s0x89c265c02837d0bd:0x79cafd562781151!8m2!3d40.6325021!4d-73.7068328!16s%2Fg%2F11b6jh0t3s!19sChIJvdA3KMBlwokRURF4YtWvnAc?authuser=0&hl=en&rclk=1,AdVenture Media Group,4.9,(172),Marketing agency,·,+1 516-218-3722,http://www.adventureppc.com/,info@adventureppc.com,,
https://www.google.com/maps/place/Hunter+Digital+Marketing+Agency+-+Social+Media+%26+Search+Marketing+Agency+in+New+York/data=!4m7!3m6!1s0x89c288c707ca5129:0xb4c46c0ddce1cc86!8m2!3d40.7450692!4d-73.9934267!16s%2Fg%2F1td4l13m!19sChIJKVHKB8eIwokRhszh3A1sxLQ?authuser=0&hl=en&rclk=1,Hunter Digital Marketing Agency - Social Media & Search Marketing Agency in New York,4.9,(8),Marketing agency,137 W 25th St 11th floor,+1 212-202-1431,https://hunterdigitalmarketing.com/,,,
https://www.google.com/maps/place/Level+Agency/data=!4m7!3m6!1s0x89b7df9647e3c6a9:0x55cf62e4096997be!8m2!3d39.1736185!4d-76.811625!16s%2Fg%2F1v_ndddf!19sChIJqcbjR5bft4kRvpdpCeRiz1U?authuser=0&hl=en&rclk=1,Level Agency,4.9,(41),Marketing agency,8621 Robert Fulton Dr #110,+1 443-927-7195,https://www.level.agency/,,https://www.instagram.com/levelagency/,https://x.com/levelagency/
https://www.google.com/maps/place/DS%26P+Digital+Marketing+%26+PR+Agency/data=!4m7!3m6!1s0x89c2599a9eb4b881:0xa23129af8e50424f!8m2!3d40.7621698!4d-73.9728933!16s%2Fg%2F11spmcg4_6!19sChIJgbi0nppZwokRT0JQjq8pMaI?authuser=0&hl=en&rclk=1,DS&P Digital Marketing & PR Agency,4.9,(36),Marketing agency,590 Madison Ave 21st floor,+1 888-722-1998,https://www.dial911fordesign.com/,,https://www.instagram.com/dial911fordesign/,
https://www.google.com/maps/place/Inbound+Hype+%7C+Public+Sector+Communications+Agency+%7C+South+Asia/data=!4m7!3m6!1s0x3ae25b19fc1c90a7:0x80e4b7b967a85b13!8m2!3d6.9327244!4d79.8436359!16s%2Fg%2F11g_yzffgy!19sChIJp5Ac_Blb4joRE1uoZ7m35IA?authuser=0&hl=en&rclk=1,Inbound Hype | Public Sector Communications Agency | South Asia,4.9,(112),Marketing agency,·,0112 612 800,https://inboundhype.com/,contact@inboundhype.com,,https://x.com/inboundhypecom/
https://www.google.com/maps/place/LYFE+Marketing/data=!4m7!3m6!1s0x88f504787a7d27f3:0xbfb6862b156e0879!8m2!3d46.423669!4d-129.9427086!16s%2Fg%2F1ptx8x6th!19sChIJ8yd9engE9YgReQhuFSuGtr8?authuser=0&hl=en&rclk=1,LYFE Marketing,4.5,(507),Marketing agency,,+1 404-596-7925,https://www.lyfemarketing.com/,,,
https://www.google.com/maps/place/Jives+Media/data=!4m7!3m6!1s0x808f9f3ad26a79f5:0x6994a882fa91c3c4!8m2!3d37.3371187!4d-121.8893909!16s%2Fg%2F11hzl_0k9s!19sChIJ9Xlq0jqfj4ARxMOR-oKolGk?authuser=0&hl=en&rclk=1,Jives Media,5.0,(110),Internet marketing service,75 E Santa Clara St,+1 650-420-7455,https://www.jivesmedia.com/digital-marketing-agency-in-san-jose-ca,,https://www.instagram.com/jivesmedia/,https://x.com/jivesmedia/
https://www.google.com/maps/place/Just+Digital+Inc./data=!4m7!3m6!1s0x80c2bf2058efec9f:0x4a768b9eebadfef2!8m2!3d34.0571801!4d-118.4175088!16s%2Fg%2F11b72rbfml!19sChIJn-zvWCC_woAR8v6t656Ldko?authuser=0&hl=en&rclk=1,Just Digital Inc.,4.8,(82),Marketing agency,10250 Constellation Blvd #2300,+1 424-210-7128,http://justdigitalinc.com/,info@justdigitalinc.com,https://www.instagram.com/justdigitalinc/,https://x.com/justdigitalinc/
https://www.google.com/maps/place/USA+Marketing/data=!4m7!3m6!1s0x808f80b967a37c07:0xacc8dbde625ef87!8m2!3d37.7997037!4d-122.2808717!16s%2Fg%2F11cmsmqyz5!19sChIJB3yjZ7mAj4ARh-8l5r2NzAo?authuser=0&hl=en&rclk=1,USA Marketing,5.0,(1),Marketing consultant,680 4th St,+1 510-251-8500,http://www.usamktg.com/,info@usamktg.com,,
https://www.google.com/maps/place/Outsmart+Labs/data=!4m7!3m6!1s0x88d9b69be8c18d9d:0xaabd43d5b75281db!8m2!3d25.7743825!4d-80.1918345!16s%2Fg%2F1yglp_rdy!19sChIJnY3B6Ju22YgR24FSt9VDvao?authuser=0&hl=en&rclk=1,Outsmart Labs,4.9,(96),Marketing agency,111 E Flagler St,+1 305-209-0807,https://outsmartlabs.com/?utm_source=GMB&utm_medium=Organic,,,
https://www.google.com/maps/place/Digital+Drew+SEM/data=!4m7!3m6!1s0x89c258c741910ab1:0x7b88198b45022808!8m2!3d40.7429246!4d-73.9834751!16s%2Fg%2F11f24vg3gh!19sChIJsQqRQcdYwokRCCgCRYsZiHs?authuser=0&hl=en&rclk=1,Digital Drew SEM,4.9,(69),Advertising agency,·,+1 917-513-0533,https://www.digitaldrewsem.com/,,https://www.instagram.com/digitaldrewsem/,https://x.com/digitaldrewsem/
https://www.google.com/maps/place/SeedX+Inc./data=!4m7!3m6!1s0x80c2c7539be1e417:0xfc52b2e7f3d694c6!8m2!3d34.0381931!4d-118.2691446!16s%2Fg%2F11fhvmjpdm!19sChIJF-Thm1PHwoARxpTW8-eyUvw?authuser=0&hl=en&rclk=1,SeedX Inc.,4.9,(21),Marketing agency,1420 S Figueroa St #204,+1 646-859-2328,http://www.seedx.us/,,,
https://www.google.com/maps/place/Brand+Center+USA+-+Digital+Marketing+%26+SEO+Agency/data=!4m7!3m6!1s0xaafe42df0c429409:0x7bb142373892af1e!8m2!3d39.7538432!4d-75.557425!16s%2Fg%2F11v_59bvyq!19sChIJCZRCDN9C_qoRHq-SODdCsXs?authuser=0&hl=en&rclk=1,Brand Center USA - Digital Marketing & SEO Agency,5.0,(19),Marketing agency,·,+1 650-472-5040,https://brandcenterusa.com/,info@brandcenterusa.com,https://www.instagram.com/brandcenterusa/,https://x.com/BrandCenterUSA/
https://www.google.com/maps/place/2POINT+Agency/data=!4m7!3m6!1s0x80dc01a9fc750ee9:0x531f38fa60684b4f!8m2!3d32.9000079!4d-117.1903523!16s%2Fg%2F1yh80251n!19sChIJ6Q51_KkB3IART0toYPo4H1M?authuser=0&hl=en&rclk=1,2POINT Agency,5.0,(86),Marketing agency,9920 Pacific Heights Blvd Suite 150,+1 619-599-1006,https://www.2pointagency.com/locations/sandiego-digital-agency/,team@2pointagency.com,,
https://www.google.com/maps/place/US+Digital+Partners/data=!4m7!3m6!1s0x8841b15917345f21:0xc99fb4e8c85a995d!8m2!3d39.1019813!4d-84.4999578!16s%2Fg%2F1tjfhjjl!19sChIJIV80F1mxQYgRXZlayOi0n8k?authuser=0&hl=en&rclk=1,US Digital Partners,5.0,(33),Marketing agency,720 E Pete Rose Wy Suite 400,+1 513-929-4603,https://www.usdigitalpartners.com/,,,
https://www.google.com/maps/place/Main+Street+ROI/data=!4m7!3m6!1s0x89c2585f5fee55e7:0xd5f7cbbf19e2368e!8m2!3d40.778052!4d-73.5683375!16s%2Fg%2F12qgm74j4!19sChIJ51XuX19YwokRjjbiGb_L99U?authuser=0&hl=en&rclk=1,Main Street ROI,4.9,(240),Internet marketing service,,+1 646-470-3753,https://www.mainstreetroi.com/?utm_source=google&utm_medium=google%20my%20business,,,https://x.com/MainStreetROI/
https://www.google.com/maps/place/The+Media+Captain/data=!4m7!3m6!1s0x88388ec576528ea5:0x35bd9a3d4f90cf2b!8m2!3d39.960317!4d-82.989386!16s%2Fg%2F1hm5x9gmk!19sChIJpY5SdsWOOIgRK8-QTz2avTU?authuser=0&hl=en&rclk=1,The Media Captain,5.0,(176),Marketing agency,394 E Town St,+1 614-564-9313,https://www.themediacaptain.com/,,,
https://www.google.com/maps/place/DPDK+-+Brand+innovation+agency+for+the+bold/data=!4m7!3m6!1s0x89c25902c92c67df:0x5b3ee4d6938c150e!8m2!3d40.7180815!4d-73.961806!16s%2Fg%2F11c6cgzx74!19sChIJ32csyQJZwokRDhWMk9bkPls?authuser=0&hl=en&rclk=1,DPDK - Brand innovation agency for the bold,5.0,(51),Marketing agency,185 Wythe Ave,+1 718-782-4050,https://dpdk.com/contact/brand-innovation-agency-new-york?utm_source=google&utm_medium=my-business&utm_campaign=newyork,info@dpdk.com,,https://x.com/dpdk/
"https://www.google.com/maps/place/USA+MARKETING+ONLINE,+LLC/data=!4m7!3m6!1s0x89c9d141a7697a39:0x2b58deb02e3e1c74!8m2!3d39.4032165!4d-77.3516671!16s%2Fg%2F11mxbs2tt7!19sChIJOXppp0HRyYkRdBw-LrDeWCs?authuser=0&hl=en&rclk=1","USA MARKETING ONLINE, LLC",5.0,(24),Marketing agency,·,+1 301-637-4693,https://www.usamarketingonline.us/,,,
https://www.google.com/maps/place/Canesta+Digital+Marketing/data=!4m7!3m6!1s0x80c2bb674c9cd981:0x84b14a97608c3063!8m2!3d34.0488756!4d-118.4620338!16s%2Fg%2F11hbr208zd!19sChIJgdmcTGe7woARYzCMYJdKsYQ?authuser=0&hl=en&rclk=1,Canesta Digital Marketing,5.0,(37),Marketing agency,11755 Wilshire Blvd 11th floor,+1 213-325-6603,https://www.canesta.com/,,,
https://www.google.com/maps/place/PS+Digital+Marketing+Agency/data=!4m7!3m6!1s0x89e82e07e575181f:0x333e3c05a605f271!8m2!3d40.8132986!4d-73.2465946!16s%2Fg%2F11b8c3w57p!19sChIJHxh15Qcu6IkRcfIFpgU8PjM?authuser=0&hl=en&rclk=1,PS Digital Marketing Agency,5.0,(153),Internet marketing service,145 Marcus Blvd Suite 2,+1 631-665-4000,https://www.psdigitalli.com/,,,https://x.com/psdigitalli/
https://www.google.com/maps/place/HawkSEM/data=!4m7!3m6!1s0x80c2bb7e045263b1:0xcb1385261dbe98e5!8m2!3d34.0581719!4d-118.4450781!16s%2Fg%2F11b8_q2yc4!19sChIJsWNSBH67woAR5Zi-HSaFE8s?authuser=0&hl=en&rclk=1,HawkSEM,4.9,(40),Marketing agency,10940 Wilshire Blvd,+1 800-316-2220,https://hawksem.com/?utm_source=google&utm_medium=organic&utm_campaign=gmb,,https://www.instagram.com/hawksemagency/,https://x.com/HawkSEMAgency/
https://www.google.com/maps/place/COSMarketing+Agency/data=!4m7!3m6!1s0x88e76fe72fddd8bf:0x49c94ddda1219421!8m2!3d28.593385!4d-81.309945!16s%2Fg%2F11fqk5fnj0!19sChIJv9jdL-dv54gRIZQhod1NyUk?authuser=0&hl=en&rclk=1,COSMarketing Agency,4.9,(250),Marketing agency,3008 Antique Oaks Cir,+1 407-334-9378,https://cosmarketingagency.com/,,https://www.instagram.com/cosmarketingagency/,https://x.com/cosmarketingpro/
"https://www.google.com/maps/place/Vab+Media+Digital+Agency,+LLC/data=!4m7!3m6!1s0x89c2598a7672325f:0xa13a4a00919176c2!8m2!3d40.7182981!4d-74.0022812!16s%2Fg%2F11bccmbbrk!19sChIJXzJydopZwokRwnaRkQBKOqE?authuser=0&hl=en&rclk=1","Vab Media Digital Agency, LLC",4.7,(26),Internet marketing service,,+1 510-909-7386,http://www.vabulous.com/,andrew@vabulous.com,https://www.instagram.com/vabmedia/,https://x.com/SEOVabMedia/
https://www.google.com/maps/place/inBeat+Agency/data=!4m7!3m6!1s0x89c25ba3a6cddb8b:0xcc9bfdeda918203d!8m2!3d40.7037765!4d-74.0119032!16s%2Fg%2F11nftss620!19sChIJi9vNpqNbwokRPSAYqe39m8w?authuser=0&hl=en&rclk=1,inBeat Agency,4.9,(235),Marketing agency,·,+1 212-466-6915,https://inbeat.agency/locations/new-york/influencer-marketing,hello@inbeat.agency,https://www.instagram.com/inbeatco/,
https://www.google.com/maps/place/True+North+Social/data=!4m7!3m6!1s0x80c2ba87d77c8f09:0xc1b448bf07828fce!8m2!3d33.9835338!4d-118.3885141!16s%2Fg%2F11c5fz3437!19sChIJCY9814e6woARzo-CB79ItME?authuser=0&hl=en&rclk=1,True North Social,4.9,(31),Marketing agency,5855 Green Valley Cir #109,+1 310-694-5655,https://truenorthsocial.com/,,https://www.instagram.com/truenorthsocial/,https://x.com/truensocial/
https://www.google.com/maps/place/Human+Digital+Marketing+Agency/data=!4m7!3m6!1s0x80dce874409ff4c5:0xb0a122274ad80657!8m2!3d33.6770052!4d-117.7601396!16s%2Fg%2F11ggndgyrx!19sChIJxfSfQHTo3IARVwbYSiciobA?authuser=0&hl=en&rclk=1,Human Digital Marketing Agency,5.0,(11),Marketing agency,100 Progress #220,+1 949-416-2043,https://human.marketing/?utm_source=google&utm_medium=organic&utm_campaign=google_business_profile,,https://www.instagram.com/human.marketing/,https://x.com/MarketingHumans/
https://www.google.com/maps/place/USA+Marketing+Pros/data=!4m7!3m6!1s0x89b7b7e1ea1691ed:0xb2398a9c7c92d0bc!8m2!3d38.8634864!4d-77.0587322!16s%2Fg%2F11q1vhnt_1!19sChIJ7ZEW6uG3t4kRvNCSfJyKObI?authuser=0&hl=en&rclk=1,USA Marketing Pros,5.0,(10),Marketing agency,701 12th St S,+1 202-888-5895,https://usamarketingpros.com/,,,https://x.com/USAMarketingPro/
https://www.google.com/maps/place/eMarketingEye+%28Pvt%29+Ltd/data=!4m7!3m6!1s0x3ae25a3977befec1:0xd94a33b46b244be7!8m2!3d6.8870825!4d79.8835565!16s%2Fg%2F1jkyp79q1!19sChIJwf6-dzla4joR50ska7QzStk?authuser=0&hl=en&rclk=1,eMarketingEye (Pvt) Ltd,4.7,(91),Marketing agency,·,0112 151 200,https://www.emarketingeye.com/,,https://www.instagram.com/emarketingeyeofficial/,https://x.com/emarketingeye/
https://www.google.com/maps/place/Echt+Social/data=!4m7!3m6!1s0x3ae25baef2a5a08f:0xaf1edb017e96af76!8m2!3d6.8863898!4d79.9014946!16s%2Fg%2F11t54k7t1t!19sChIJj6Cl8q5b4joRdq-WfgHbHq8?authuser=0&hl=en&rclk=1,Echt Social,4.8,(25),Marketing agency,·,077 566 2162,http://www.echtsocial.com/,,https://www.instagram.com/echt.social/,
https://www.google.com/maps/place/The+True+Marketing+Agency/data=!4m7!3m6!1s0x89b657944a50d531:0x9459953391a8eb0f!8m2!3d34.091073!4d-118.3359573!16s%2Fg%2F11fylqj53y!19sChIJMdVQSpRXtokRD-uokTOVWZQ?authuser=0&hl=en&rclk=1,The True Marketing Agency,5.0,(23),Marketing agency,6677 Santa Monica Blvd,+1 866-970-3567,http://thetruemarketingagency.com/,contact@thetruemarketingagency.com,https://www.instagram.com/thetruemarketingagency/,https://x.com/officialTTMA/
https://www.google.com/maps/place/AdInfusion/data=!4m7!3m6!1s0x809b29cec849ead3:0xfdfacf00ab0a80eb!8m2!3d38.5836073!4d-121.4917!16s%2Fg%2F11j3nwgcw_!19sChIJ0-pJyM4pm4AR64AKqwDP-v0?authuser=0&hl=en&rclk=1,AdInfusion,4.9,(61),Internet marketing service,1001 G St UNIT 202,+1 916-798-5707,http://www.adinfusion.com/,,https://www.instagram.com/reel/,
https://www.google.com/maps/place/Branding+Los+Angeles/data=!4m7!3m6!1s0x80c2bb7776779e8b:0xb13c3f156c0e1527!8m2!3d34.0477598!4d-118.4424591!16s%2Fg%2F1pp2x8y0n!19sChIJi553dne7woARJxUObBU_PLE?authuser=0&hl=en&rclk=1,Branding Los Angeles,4.9,(79),Marketing agency,11040 Santa Monica Blvd #310,+1 310-479-6444,https://brandinglosangeles.com/,info@brandinglosangeles.com,https://www.instagram.com/brandinglosangeles/,https://x.com/BrandLosAngeles/
https://www.google.com/maps/place/829+Studios+Tech-Enabled+Digital+Marketing+Partner/data=!4m7!3m6!1s0x89e379bfcc2d2371:0x5caa545a5a37729b!8m2!3d42.3451232!4d-71.1021204!16s%2Fg%2F1hc38f6kh!19sChIJcSMtzL9544kRm3I3WlpUqlw?authuser=0&hl=en&rclk=1,829 Studios Tech-Enabled Digital Marketing Partner,4.9,(73),Marketing agency,201 Brookline Ave Suite 1404,+1 617-933-9824,https://829studios.com/?y_source=1_NTMwODk4NjQtNzE1LWxvY2F0aW9uLndlYnNpdGU%3D,,,
https://www.google.com/maps/place/DesignRush/data=!4m7!3m6!1s0x89c25888fff5a3d3:0x4c46cd9fd0e828f9!8m2!3d25.9427668!4d-80.1476779!16s%2Fg%2F11gdqw7gvb!19sChIJ06P1_4hYwokR-Sjo0J_NRkw?authuser=0&hl=en&rclk=1,DesignRush,4.8,(104),Internet marketing service,Biscayne Blvd #18117,+1 305-370-1017,https://www.designrush.com/,,,
https://www.google.com/maps/place/Tetra+Agency+-+Video+Marketing+Agency/data=!4m7!3m6!1s0x809ad15b32cd9c05:0xd8be16950ebde6fd!8m2!3d38.5729581!4d-121.4808319!16s%2Fg%2F11v13_vcc7!19sChIJBZzNMlvRmoAR_ea9DpUWvtg?authuser=0&hl=en&rclk=1,Tetra Agency - Video Marketing Agency,5.0,(101),Marketing consultant,2014 Capitol Ave,+1 916-661-8008,https://tetraagency.org/home,,,
https://www.google.com/maps/place/Social+Media+Relations/data=!4m7!3m6!1s0x80c2c73518b7bd9b:0xe58d666890563a0c!8m2!3d34.0419637!4d-118.252708!16s%2Fg%2F11g9ng86xg!19sChIJm723GDXHwoARDDpWkGhmjeU?authuser=0&hl=en&rclk=1,Social Media Relations,5.0,(25),Marketing agency,120 E 8th St Ste 607,+1 747-291-6899,http://www.smrelations.com/,,https://www.instagram.com/smrelationsdotcom/,
https://www.google.com/maps/place/Agency+Marketing+Machine/data=!4m7!3m6!1s0x88d9b15505f05a65:0x7f77c7c10b45991d!8m2!3d46.423669!4d-129.9427086!16s%2Fg%2F11cmpf0lds!19sChIJZVrwBVWx2YgRHZlFC8HHd38?authuser=0&hl=en&rclk=1,Agency Marketing Machine,4.9,(94),Marketing agency,,+1 786-322-4999,https://agencymarketingmachine.com/,,https://www.instagram.com/agencymarketingmachine/,
https://www.google.com/maps/place/Colibri/data=!4m7!3m6!1s0x808580c759b41f9b:0xb14084f2bd050700!8m2!3d37.8355207!4d-122.2073341!16s%2Fg%2F1q4kmsy28!19sChIJmx-0WceAhYARAAcFvfKEQLE?authuser=0&hl=en&rclk=1,Colibri,5.0,(17),Marketing agency,5927 Almaden Ln,+1 415-900-4788,https://colibridigitalmarketing.com/,hello@colibridigitalmarketing.com,https://www.instagram.com/colibridigitalmarketing/,https://x.com/colibridigitalm/
https://www.google.com/maps/place/Leadige+Media+Group/data=!4m7!3m6!1s0x89c25854e6aa136f:0x20cf9222f820b1e6!8m2!3d40.757068!4d-73.986446!16s%2Fg%2F12lkcfsch!19sChIJbxOq5lRYwokR5rEg-CKSzyA?authuser=0&hl=en&rclk=1,Leadige Media Group,4.9,(44),Marketing agency,1501 Broadway 12th floor,+1 646-303-7851,https://leadige.agency/,hello@leadige.agency,https://www.instagram.com/leadige_llc/,https://x.com/leadigellc/
https://www.google.com/maps/place/Studio+3+Marketing/data=!4m7!3m6!1s0x80c2ea0da35fefb5:0xdea9731f2deb6707!8m2!3d34.1231479!4d-118.2546614!16s%2Fg%2F11bc7dqpp_!19sChIJte9fow3qwoARB2frLR9zqd4?authuser=0&hl=en&rclk=1,Studio 3 Marketing,5.0,(99),Marketing agency,1800 S Brand Blvd Suite 301,+1 888-351-3514,https://www.studio3marketing.com/?utm_source=GMBlisting&utm_medium=organic&utm_campaign=gmb,,https://www.instagram.com/studio3marketing/,
https://www.google.com/maps/place/Smash+Interactive+Agency+%7C+Digital+Marketing+Agency+Miami/data=!4m7!3m6!1s0x88d9b87eb019e7f3:0x5e66c24620b68227!8m2!3d25.722285!4d-80.3151668!16s%2Fg%2F12lr99t84!19sChIJ8-cZsH642YgRJ4K2IEbCZl4?authuser=0&hl=en&rclk=1,Smash Interactive Agency | Digital Marketing Agency Miami,5.0,(50),Marketing agency,7400 SW 50th Terrace STE 205,+1 786-981-4758,https://smashinteractiveagency.com/?utm_campaign=gmb,,https://www.instagram.com/smashinteractiveagency/,
https://www.google.com/maps/place/J%26L+Marketing/data=!4m7!3m6!1s0x886999265394f637:0x6e4b5c81d58924a2!8m2!3d38.2238027!4d-85.5698391!16s%2Fg%2F1tdkyf4f!19sChIJN_aUUyaZaYgRoiSJ1YFcS24?authuser=0&hl=en&rclk=1,J&L Marketing,4.8,(108),Marketing agency,10140 Linn Station Rd Suite 301,+1 800-550-1064,https://www.jandlmarketing.com/?utm_source=google&utm_medium=organic&utm_campaign=googlemybusiness,,https://www.instagram.com/jandlmarketing/,https://x.com/JandLMarketing/
https://www.google.com/maps/place/NH+Strategic+Marketing+LLC/data=!4m7!3m6!1s0x89e26564880493f7:0x33c7cfce06234d1f!8m2!3d43.2076596!4d-71.5365117!16s%2Fg%2F1hg4wywj0!19sChIJ95MEiGRl4okRH00jBs7PxzM?authuser=0&hl=en&rclk=1,NH Strategic Marketing LLC,4.9,(130),Marketing agency,·,+1 603-573-9289,https://nhstrategicmarketing.com/,,https://www.instagram.com/nhstrategicmarketing/,https://x.com/MarketInNH/
https://www.google.com/maps/place/Clickmen%E2%84%A2+Digital+Marketing+Agency/data=!4m7!3m6!1s0x2565cd107814b3cd:0x7fb95772890dcdd7!8m2!3d40.7591523!4d-73.9777136!16s%2Fg%2F11w43n2yct!19sChIJzbMUeBDNZSUR180NiXJXuX8?authuser=0&hl=en&rclk=1,Clickmen™ Digital Marketing Agency,5.0,(33),Internet marketing service,45 Rockefeller Plaza,+1 917-444-3666,https://clickmen.us/en/digital-marketing-agency-in-nyc-new-york-ny/,,,
https://www.google.com/maps/place/MeanPug+Digital/data=!4m7!3m6!1s0x89c258c0a3b14cf5:0x86c79fe751305875!8m2!3d40.6650628!4d-74.0150594!16s%2Fg%2F11ddzl9ypb!19sChIJ9Uyxo8BYwokRdVgwUeefx4Y?authuser=0&hl=en&rclk=1,MeanPug Digital,5.0,(25),Marketing agency,124 9th St Suite 254,+1 646-461-4213,https://www.meanpug.com/,aleksandar@meanpug.com; andrew@meanpug.com; anthony@meanpug.com; bark@meanpug.com; bobby@meanpug.com; dana@meanpug.com; ishani@meanpug.com; jay@meanpug.com; jennifer@meanpug.com; judson@meanpug.com; kailyn@meanpug.com; liam@meanpug.com; liamlipsky@meanpug.com; lyn@meanpug.com; michael@meanpug.com; mike@meanpug.com; naveena@meanpug.com; neeraj@meanpug.com; oxana@meanpug.com; rachael@meanpug.com; ryan@meanpug.com; sydney@meanpug.com; tara@meanpug.com; yitz@meanpug.com,,
https://www.google.com/maps/place/NoGood+-+Growth+Marketing+Agency/data=!4m7!3m6!1s0x89c2592ec34d52b7:0xe0d9d30d1ac9bb40!8m2!3d40.7220902!4d-74.000013!16s%2Fg%2F11h81gtk44!19sChIJt1JNwy5ZwokRQLvJGg3T2eA?authuser=0&hl=en&rclk=1,NoGood - Growth Marketing Agency,4.6,(9),Marketing agency,491 Broadway,,https://nogood.io/,,https://www.instagram.com/nogood.io/,
https://www.google.com/maps/place/DoMedia/data=!4m7!3m6!1s0x3ae2572cfd091d1f:0xe78a390de24a04db!8m2!3d6.9050268!4d79.9520785!16s%2Fg%2F11gbx9yghg!19sChIJHx0J_SxX4joR2wRK4g05iuc?authuser=0&hl=en&rclk=1,DoMedia,4.9,(19),Marketing agency,"821/1/D Kaduwela Road , Malabe Colombo",0114 503 606,https://www.domedia.lk/,,https://www.instagram.com/domedia.lk/,https://x.com/domedialk/
https://www.google.com/maps/place/AIS+Media/data=!4m7!3m6!1s0x88f50f5f5d46f43d:0xaaedc9537486d684!8m2!3d33.8464041!4d-84.3671687!16s%2Fg%2F1td05x9v!19sChIJPfRGXV8P9YgRhNaGdFPJ7ao?authuser=0&hl=en&rclk=1,AIS Media,5.0,(19),Marketing agency,3343 Peachtree Rd NE Ste. 145-239,+1 404-751-1043,https://aismedia.com/,,,
https://www.google.com/maps/place/Plush+Marketing+Agency/data=!4m7!3m6!1s0x89b7dd16ea0a1c6f:0xcf3192ee9b7700a0!8m2!3d39.1519603!4d-76.9025962!16s%2Fg%2F11sfprtc3s!19sChIJbxwK6hbdt4kRoAB3m-6SMc8?authuser=0&hl=en&rclk=1,Plush Marketing Agency,5.0,(38),Marketing agency,8115 Maple Lawn Blvd Ste 350,+1 301-750-2628,https://plushmarketingagency.com/,webdevelopment@plushmarketingagency.com,,
https://www.google.com/maps/place/Victorious+SEO/data=!4m7!3m6!1s0x8085808455010a01:0x9cf7ea98ce012c4e!8m2!3d37.7804308!4d-122.3995214!16s%2Fg%2F11c61bbsgp!19sChIJAQoBVYSAhYARTiwBzpjq95w?authuser=0&hl=en&rclk=1,Victorious SEO,4.8,(70),Internet marketing service,548 Market St #41895,+1 415-621-9830,https://victorious.com/,info@victorious.com; sales@victorious.com,https://www.instagram.com/victorious_seo/,
https://www.google.com/maps/place/COLAB+%7C+Digital+Marketing+Agency+Los+Angeles/data=!4m7!3m6!1s0x80c29c3f433a8d6f:0x7f7024dc52649eec!8m2!3d34.1878635!4d-118.5958607!16s%2Fg%2F11b7_0xn6j!19sChIJb406Qz-cwoAR7J5kUtwkcH8?authuser=0&hl=en&rclk=1,COLAB | Digital Marketing Agency Los Angeles,4.8,(22),Internet marketing service,21300 Victory Blvd #860,+1 855-265-2252,https://colablosangeles.com/,,https://www.instagram.com/thecolabarmy/,https://x.com/thecolabarmy/
https://www.google.com/maps/place/Intensify/data=!4m7!3m6!1s0x80c2bebeda9e9a33:0x6c01a0e35aef98e7!8m2!3d34.092637!4d-118.373111!16s%2Fg%2F11c0vrrfvf!19sChIJM5qe2r6-woAR55jvWuOgAWw?authuser=0&hl=en&rclk=1,Intensify,5.0,(19),Marketing agency,1235 Kings Rd #204,+1 310-916-9876,https://www.intensifynow.com/,,,
https://www.google.com/maps/place/SPICY+TRIBE+%7C+Advertising+Agency+%7C+%EC%A2%85%ED%95%A9+%EA%B4%91%EA%B3%A0+%EB%8C%80%ED%96%89%EC%82%AC+ATL+%26+BTL+%7C+%EC%98%A8%EB%9D%BC%EC%9D%B8+%EB%A7%88%EC%BC%80%ED%8C%85+%EB%B0%8F+%EC%A0%84%EC%8B%9C%2F%ED%96%89%EC%82%AC+%EC%A0%84%EB%AC%B8/data=!4m7!3m6!1s0x880cd7751bbbffff:0xbc374f04d71a8840!8m2!3d34.0521432!4d-118.3026106!16s%2Fg%2F11f4qdydry!19sChIJ__-7G3XXDIgRQIga1wRPN7w?authuser=0&hl=en&rclk=1,SPICY TRIBE | Advertising Agency | 종합 광고 대행사 ATL & BTL | 온라인 마케팅 및 전시/행사 전문,5.0,(23),Marketing agency,3060 W Olympic Blvd #722,+1 224-875-0441,http://www.spicytribe.com/,hi@spicytribe.com,,
https://www.google.com/maps/place/Orix+Marketing/data=!4m7!3m6!1s0x3ae2f7b9f732ef97:0x7d5accde5e9b8c10!8m2!3d7.0752742!4d79.8922689!16s%2Fg%2F12qgwdtcb!19sChIJl-8y97n34joREIybXt7MWn0?authuser=0&hl=en&rclk=1,Orix Marketing,4.5,(25),Marketing agency,"Digital Marketing, SEO, Web Design and Advertising Agency Sri Lanka No.13, Mezzanine Level, Realty Plaza",077 377 4244,https://www.orixmarketing.lk/,billing@orixmarketing.lk; info@orixmarketing.lk,https://www.instagram.com/orix.marketing/,https://x.com/OrixMarketing/
https://www.google.com/maps/place/Unique+Marketing/data=!4m7!3m6!1s0x89c25b77440348b1:0x96e8e68180fe70b3!8m2!3d40.706937!4d-74.0044856!16s%2Fg%2F11l24slkfp!19sChIJsUgDRHdbwokRs3D-gIHm6JY?authuser=0&hl=en&rclk=1,Unique Marketing,4.9,(30),Marketing agency,·,+1 929-930-2393,https://umarketing.us/?utm_source=gmb&utm_medium=phone,,https://www.instagram.com/umarketing.us/,https://x.com/uMarketingUs/
https://www.google.com/maps/place/Your+Marketing+Agency/data=!4m7!3m6!1s0x88d9b77c1d7a41f3:0x6cd196197ec668!8m2!3d25.732529!4d-80.2342656!16s%2Fg%2F11v0ylgzmf!19sChIJ80F6HXy32YgRaMZ-GZbRbAA?authuser=0&hl=en&rclk=1,Your Marketing Agency,5.0,(48),Marketing agency,2601 S Bayshore Dr 5th Floor,+1 844-444-9687,https://yourmarketingagency.com/,nico@yourmarketingagency.com,https://www.instagram.com/your.marketing.agency/,https://x.com/YMAMarketing/
https://www.google.com/maps/place/Iluma+Marketing/data=!4m7!3m6!1s0x89c259fa2ea51aef:0x7a7a0041340dfa6e!8m2!3d40.7206058!4d-74.0014893!16s%2Fg%2F11yn6c5hnc!19sChIJ7xqlLvpZwokRbvoNNEEAeno?authuser=0&hl=en&rclk=1,Iluma Marketing,5.0,(31),Marketing agency,·,+1 514-882-8910,https://ilumamarketing.com/,,,
https://www.google.com/maps/place/USA+Link+System/data=!4m7!3m6!1s0x80c2c0d88b208d8b:0x8fc3edf29f79f0d5!8m2!3d34.119298!4d-118.254047!16s%2Fg%2F11bwlp63my!19sChIJi40gi9jAwoAR1fB5n_Ltw48?authuser=0&hl=en&rclk=1,USA Link System,4.9,(30),Internet marketing service,·,+1 818-858-1303,https://usalinksystem.com/,,,
https://www.google.com/maps/place/Sunday+Morning+Marketing/data=!4m7!3m6!1s0x89e3133b8b77f28f:0x7187a0ae7028469b!8m2!3d42.5368612!4d-70.9920023!16s%2Fg%2F11h3dddt5d!19sChIJj_J3izsT44kRm0YocK6gh3E?authuser=0&hl=en&rclk=1,Sunday Morning Marketing,5.0,(50),Marketing agency,·,+1 404-781-9421,http://sundaymorningmarketing.com/,,https://www.instagram.com/jonninicole/,
https://www.google.com/maps/place/Make+Your+Mark+Digital/data=!4m7!3m6!1s0x89c6c956ad3f0fc7:0xd6fe76564047c1b0!8m2!3d39.9657563!4d-75.1396084!16s%2Fg%2F11g_ydc4b8!19sChIJxw8_rVbJxokRsMFHQFZ2_tY?authuser=0&hl=en&rclk=1,Make Your Mark Digital,5.0,(19),Marketing agency,·,+1 917-740-3369,https://www.makeyourmarkdigital.com/,,https://www.instagram.com/makeyourmarkdigital/,https://x.com/makeyourmarkdig/
https://www.google.com/maps/place/BAD+Marketing+%284Media%29/data=!4m7!3m6!1s0x88f59fe36b2d2199:0x117edf3fe2812e37!8m2!3d34.095992!4d-84.2438196!16s%2Fg%2F11mvh03w8m!19sChIJmSEta-Of9YgRNy6B4j_ffhE?authuser=0&hl=en&rclk=1,BAD Marketing (4Media),4.9,(147),Marketing agency,1111 Alderman Dr #450,+1 678-898-9947,https://www.badmarketing.com/,,https://www.instagram.com/badmarketing/,https://x.com/BAD_Marketers/
https://www.google.com/maps/place/The+Digital+Marketing+Agency+%26+Consulting+Company+LLC/data=!4m7!3m6!1s0x808f950e1820569d:0xa53d59168cdec7c6!8m2!3d37.3738666!4d-121.8437743!16s%2Fg%2F11pbn8_3y1!19sChIJnVYgGA6Vj4ARxsfejBZZPaU?authuser=0&hl=en&rclk=1,The Digital Marketing Agency & Consulting Company LLC,4.8,(37),Marketing agency,422 N Capitol Ave,+1 510-706-3755,https://www.digitalmarketingagency-consultant.com/,,,
https://www.google.com/maps/place/Amsive/data=!4m7!3m6!1s0x89c259a3c392b9e3:0xad99b403dc8da89c!8m2!3d40.7396961!4d-73.9898234!16s%2Fg%2F1thpxrf2!19sChIJ47mSw6NZwokRnKiN3AO0ma0?authuser=0&hl=en&rclk=1,Amsive,4.6,(9),Marketing agency,915 Broadway Ste 501,+1 212-661-8969,https://www.amsive.com/about/new-york/?utm_source=google&utm_medium=organic&utm_campaign=gbp+new+york+location,,https://www.instagram.com/amsive/,https://x.com/amsiveagency/
https://www.google.com/maps/place/Javier+Marketing+-+Agencia+de+Marketing+Hispano+Lider+en+USA/data=!4m7!3m6!1s0x80c29b02e9ccee3b:0x9b4251cb96ca3b57!8m2!3d34.2287876!4d-118.5559966!16s%2Fg%2F11fcpzb4vz!19sChIJO-7M6QKbwoARVzvKlstRQps?authuser=0&hl=en&rclk=1,Javier Marketing - Agencia de Marketing Hispano Lider en USA,4.7,(29),Marketing agency,19401 Parthenia St Suite 3082,+1 818-645-3194,https://javier.la/,,https://www.instagram.com/reel/,
https://www.google.com/maps/place/Thrive+Internet+Marketing+Agency/data=!4m7!3m6!1s0x89c25900c6c04877:0x2bd31146a1ffca74!8m2!3d40.7506832!4d-73.9811227!16s%2Fg%2F11f13vcvbw!19sChIJd0jAxgBZwokRdMr_oUYR0ys?authuser=0&hl=en&rclk=1,Thrive Internet Marketing Agency,4.1,(8),Marketing agency,·,+1 315-930-1001,https://thriveagency.com/nyc-digital-marketing-agency/?utm_source=GMBlisting&utm_medium=organic,,https://www.instagram.com/thriveinternetmarketingagency/,https://x.com/ThriveAgency/
https://www.google.com/maps/place/Student+Marketing+Agency/data=!4m7!3m6!1s0x80c2c77bddb01e1f:0x1a33d7ccfe1452e8!8m2!3d46.423669!4d-129.9427086!16s%2Fg%2F11gbf735t9!19sChIJHx6w3XvHwoAR6FIU_szXMxo?authuser=0&hl=en&rclk=1,Student Marketing Agency,4.8,(37),Internet marketing service,,+1 323-553-4452,https://studentmarketing.agency/,,,
https://www.google.com/maps/place/SPINX+Digital+-+Web+Design+Agency+in+Los+Angeles/data=!4m7!3m6!1s0x80c2c00a7690aa0f:0xecff103856cf800e!8m2!3d34.03728!4d-118.2780036!16s%2Fg%2F12hnq01s3!19sChIJD6qQdgrAwoARDoDPVjgQ_-w?authuser=0&hl=en&rclk=1,SPINX Digital - Web Design Agency in Los Angeles,4.9,(27),Marketing agency,·,+1 213-894-9933,https://www.spinxdigital.com/?utm_source=Google&utm_medium=GMBListing,hello@spinxdigital.com,,https://x.com/spinxdigital/
https://www.google.com/maps/place/EZ+Marketing+Agency/data=!4m7!3m6!1s0x80c2bbfe61556ac5:0x89f85f7bd9347997!8m2!3d34.0880315!4d-118.3794221!16s%2Fg%2F11bw2h12jx!19sChIJxWpVYf67woARl3k02Xtf-Ik?authuser=0&hl=en&rclk=1,EZ Marketing Agency,4.6,(88),Internet marketing service,,,https://ezmarketing.agency/,,https://www.instagram.com/ezmarketingagency_/,https://x.com/EzmarketingUsa/
https://www.google.com/maps/place/Seven+Media+Group/data=!4m7!3m6!1s0x3ae25bd203e03d97:0xf40fe4ecb3622933!8m2!3d6.894716!4d79.8610493!16s%2Fg%2F11bw4t7j88!19sChIJlz3gA9Jb4joRMylis-zkD_Q?authuser=0&hl=en&rclk=1,Seven Media Group,4.6,(42),Advertising agency,·,0112 500 190,https://sevenmediagroup.com/,info@sevenmediagroup.com,,https://x.com/7media_group/
https://www.google.com/maps/place/MusicPromoToday/data=!4m7!3m6!1s0x89c259a66b4e9445:0x6c644162e6c91c82!8m2!3d40.7452688!4d-73.9883569!16s%2Fg%2F11bxh914k9!19sChIJRZROa6ZZwokRghzJ5mJBZGw?authuser=0&hl=en&rclk=1,MusicPromoToday,4.9,(45),Marketing agency,·,+1 646-650-5557,http://musicpromotoday.com/,,,https://x.com/musicpromotoday/
https://www.google.com/maps/place/Golden+Web+Media/data=!4m7!3m6!1s0x89c2f622e4158a23:0x76d6cb1cc172c68e!8m2!3d40.7607986!4d-73.9717622!16s%2Fg%2F11dfwydkvs!19sChIJI4oV5CL2wokRjsZywRzL1nY?authuser=0&hl=en&rclk=1,Golden Web Media,5.0,(45),Marketing agency,·,+1 201-800-4692,https://goldenwebmedia.com/,,,
https://www.google.com/maps/place/Formula+Marketing+SD/data=!4m7!3m6!1s0x80d955306d1e6b43:0x1c84c85c7daac8d4!8m2!3d32.7129333!4d-117.1641231!16s%2Fg%2F11fm_780x9!19sChIJQ2sebTBV2YAR1MiqfVzIhBw?authuser=0&hl=en&rclk=1,Formula Marketing SD,5.0,(35),Marketing agency,770 1st Ave. Suite 250,+1 619-995-8333,https://www.formulamarketingsd.com/,,https://www.instagram.com/formulamarketingsd/,
https://www.google.com/maps/place/Affordable+Digital+Marketing/data=!4m7!3m6!1s0x88d9ab044ca3ec05:0x37700e1ce5200b34!8m2!3d26.0105815!4d-80.1835833!16s%2Fg%2F11jmw1h3l2!19sChIJBeyjTASr2YgRNAsg5RwOcDc?authuser=0&hl=en&rclk=1,Affordable Digital Marketing,4.9,(47),Internet marketing service,4000 Hollywood Blvd suite 555-s,+1 754-816-6123,https://www.affordabledigitalmarketingfl.com/,,https://www.instagram.com/affordabledigitalmarketingfl/,
https://www.google.com/maps/place/Upgrow+Digital+Marketing/data=!4m7!3m6!1s0x808f7e3aeb6f6cc9:0x18a0509d0ff187ef!8m2!3d37.7869417!4d-122.3996013!16s%2Fg%2F11f1knycxw!19sChIJyWxv6zp-j4AR74fxD51QoBg?authuser=0&hl=en&rclk=1,Upgrow Digital Marketing,4.0,(29),Marketing agency,149 New Montgomery St 4th Floor,+1 415-851-7669,https://www.upgrow.io/,,,
https://www.google.com/maps/place/TG+Marketing+USA/data=!4m7!3m6!1s0x8090517f00000001:0x468c92688718a336!8m2!3d43.6842709!4d-116.3176963!16s%2Fg%2F11g2p5yvdn!19sChIJAQAAAH9RkIARNqMYh2iSjEY?authuser=0&hl=en&rclk=1,TG Marketing USA,4.4,(18),Marketing agency,,+1 866-891-9383,http://www.tgmarketingusa.com/,,,https://x.com/tgmarketingusa/
https://www.google.com/maps/place/Zima+Media/data=!4m7!3m6!1s0x880e2cbf6ac71899:0x7cb3b6b562395470!8m2!3d42.0396485!4d-87.7530007!16s%2Fg%2F1hm22_mz5!19sChIJmRjHar8sDogRcFQ5YrW2s3w?authuser=0&hl=en&rclk=1,Zima Media,4.9,(78),Marketing agency,5025 Carol St,+1 312-667-3757,https://zimamedia.com/,,,
https://www.google.com/maps/place/US+Marketing+Group/data=!4m7!3m6!1s0x80c299cc5ae38cef:0x1b60d3c4f2559703!8m2!3d34.1699898!4d-118.501886!16s%2Fg%2F11g0k0stfh!19sChIJ74zjWsyZwoARA5dV8sTTYBs?authuser=0&hl=en&rclk=1,US Marketing Group,4.7,(12),Consultant,5435 Balboa Blvd,+1 866-581-4810,https://usmarketinggrp.com/,info@usmarketinggrp.com,,
https://www.google.com/maps/place/Y+Not+You+Media/data=!4m7!3m6!1s0x89c297bd38c6c599:0x4df8a68c87c7e392!8m2!3d41.0026725!4d-73.6598064!16s%2Fg%2F11h12tqd3c!19sChIJmcXGOL2XwokRkuPHh4ym-E0?authuser=0&hl=en&rclk=1,Y Not You Media,5.0,(201),Marketing agency,,,http://ynotyoumedia.com/,,https://www.instagram.com/ynotyoumedia/,
https://www.google.com/maps/place/Now+Media+Group/data=!4m7!3m6!1s0x80dc076b516475fb:0x45ea47c75d26f274!8m2!3d32.7716382!4d-117.0318562!16s%2Fg%2F1ts1sj9v!19sChIJ-3VkUWsH3IARdPImXcdH6kU?authuser=0&hl=en&rclk=1,Now Media Group,4.9,(92),Marketing agency,7777 Alvarado Rd 706 Suite 706,+1 858-333-8950,http://www.nowmediagroup.tv/,,,https://x.com/nowmediagroup/
https://www.google.com/maps/place/Astoria+Advertising+Company/data=!4m7!3m6!1s0x66a0be69094c78bf:0xaf4d80af1307a646!8m2!3d40.7650447!4d-73.930395!16s%2Fg%2F11sppc0_lr!19sChIJv3hMCWm-oGYRRqYHE6-ATa8?authuser=0&hl=en&rclk=1,Astoria Advertising Company,4.9,(24),Marketing agency,·,+1 917-994-1256,https://www.astoriaadvertising.co/,,,
"https://www.google.com/maps/place/AQ+Marketing,+Inc./data=!4m7!3m6!1s0x89e374584eda5dd7:0x67e7dde5c6deeb25!8m2!3d42.4997795!4d-71.1619018!16s%2Fg%2F1tmz7ym3!19sChIJ113aTlh044kRJevexuXd52c?authuser=0&hl=en&rclk=1","AQ Marketing, Inc.",5.0,(30),Marketing agency,·,+1 781-730-6971,https://aqmarketing.com/,,,
https://www.google.com/maps/place/Wpromote/data=!4m7!3m6!1s0x80c2b135c434fadb:0xf917f48768a8ffb8!8m2!3d33.9169898!4d-118.3914368!16s%2Fg%2F1vq9mk40!19sChIJ2_o0xDWxwoARuP-oaIf0F_k?authuser=0&hl=en&rclk=1,Wpromote,4.7,(77),Marketing agency,101 Continental Blvd suite 150,+1 310-421-4844,https://www.wpromote.com/los-angeles/,hello@wpromote.com; jackie.leung@wpromote.com; partner@wpromote.com; press@wpromote.com; sales@wpromote.com,,https://x.com/wpromote/
https://www.google.com/maps/place/Social+Media+Spot+Inc/data=!4m7!3m6!1s0x89c28ab27b51f689:0x7958b47bb0e586d0!8m2!3d40.7630101!4d-73.9405966!16s%2Fg%2F11c61vqpsx!19sChIJifZRe7KKwokR0IblsHu0WHk?authuser=0&hl=en&rclk=1,Social Media Spot Inc,4.9,(26),Marketing agency,·,+1 347-467-1200,,,,
https://www.google.com/maps/place/AMJ+Marketing/data=!4m7!3m6!1s0x88d8e1ee2dd36095:0x97d3e126cfe1b659!8m2!3d26.369111!4d-80.1680194!16s%2Fg%2F11gbzc5zqn!19sChIJlWDTLe7h2IgRWbbhzybh05c?authuser=0&hl=en&rclk=1,AMJ Marketing,4.9,(83),Marketing agency,7777 Glades Rd STE 100,+1 866-910-4454,https://www.amj-marketing.com/?utm_campaign=gmb,,,
https://www.google.com/maps/place/WSI+Smart+Marketing/data=!4m7!3m6!1s0x808448389e729d6f:0xd7e41ac6c4e0e805!8m2!3d38.4491903!4d-122.7319372!16s%2Fg%2F1tvyl_7n!19sChIJb51ynjhIhIARBejgxMYa5Nc?authuser=0&hl=en&rclk=1,WSI Smart Marketing,5.0,(70),Marketing agency,1260 N Dutton Ave # 295,+1 707-341-5443,https://wsismartmarketing.com/,,https://www.instagram.com/wsismartmarketing/,
https://www.google.com/maps/place/Best+Social+Media+Marketing+Services+in+USA/data=!4m7!3m6!1s0x89c25de4677b07a3:0x8b7b20e25cc49358!8m2!3d40.6853472!4d-73.8456598!16s%2Fg%2F11fpkllq76!19sChIJowd7Z-RdwokRWJPEXOIge4s?authuser=0&hl=en&rclk=1,Best Social Media Marketing Services in USA,5.0,(3),Marketing agency,·,+1 917-383-1734,,,,
https://www.google.com/maps/place/EDNA+Digital+Marketing/data=!4m7!3m6!1s0x80c2b4d345504a2f:0x4468b08bf2e609a!8m2!3d33.8364003!4d-118.3526781!16s%2Fg%2F11g9g_j053!19sChIJL0pQRdO0woARmmAuvwiLRgQ?authuser=0&hl=en&rclk=1,EDNA Digital Marketing,5.0,(101),Marketing agency,21250 Hawthorne Blvd Suite 500,+1 310-742-1922,https://www.ednadigitalmarketing.com/,info@ednadigitalmarketing.com,https://www.instagram.com/ednadigitalmarketing/,https://x.com/EDNADigitalMktg/
https://www.google.com/maps/place/Padula+Media+-+Digital+Marketing/data=!4m7!3m6!1s0x89c6f761e0b0cccf:0x186bce7e0cd50df9!8m2!3d39.9608829!4d-75.6064507!16s%2Fg%2F11fx2w0_zy!19sChIJz8yw4GH3xokR-Q3VDH7Oaxg?authuser=0&hl=en&rclk=1,Padula Media - Digital Marketing,5.0,(302),Internet marketing service,16 W Chestnut St,+1 610-357-7726,https://padulamedia.com/?utm_source=google&utm_medium=gbp&utm_campaign=west-chester,,,https://x.com/PadulaMedia/
https://www.google.com/maps/place/HypeX+Digital+Marketing+Agency/data=!4m7!3m6!1s0x3ae2512f1f19e23b:0x3c7bab1cda5c54a8!8m2!3d6.9116564!4d79.8862415!16s%2Fg%2F11hz8xng1l!19sChIJO-IZHy9R4joRqFRc2hyrezw?authuser=0&hl=en&rclk=1,HypeX Digital Marketing Agency,5.0,(48),Marketing agency,·,0113 487 300,https://www.hypesrilanka.com/,,,
https://www.google.com/maps/place/Forward+Push+Law+Firm+Marketing/data=!4m7!3m6!1s0x80858706d6b0aa9f:0xe5e45dcb371114d7!8m2!3d37.7929116!4d-122.4052114!16s%2Fg%2F11h14jcj6!19sChIJn6qw1gaHhYAR1xQRN8td5OU?authuser=0&hl=en&rclk=1,Forward Push Law Firm Marketing,5.0,(20),Internet marketing service,650 California St 7th floor,+1 800-986-5349,https://forwardpush.com/?utm_source=gmbsf&utm_medium=organic&utm_campaign=local,,,
https://www.google.com/maps/place/Hughes+Media+Digital+Agency/data=!4m7!3m6!1s0x88f50f60aa3212f3:0xdf25634891ca0c6b!8m2!3d33.897862!4d-84.460992!16s%2Fg%2F11cs1k1pj6!19sChIJ8xIyqmAP9YgRawzKkUhjJd8?authuser=0&hl=en&rclk=1,Hughes Media Digital Agency,4.9,(29),Marketing agency,280 Interstate N Cir SE UNIT 225,+1 404-848-0487,https://www.hughesmedia.us/?utm_source=google&utm_medium=organic&utm_campaign=gmb,,https://www.instagram.com/atlhughesmedia/,
https://www.google.com/maps/place/NU+Media/data=!4m7!3m6!1s0x89c25945034ca73d:0xb763934204b0c8cc!8m2!3d40.7553099!4d-73.9914284!16s%2Fg%2F11k5k0bwwf!19sChIJPadMA0VZwokRzMiwBEKTY7c?authuser=0&hl=en&rclk=1,NU Media,5.0,(25),Marketing agency,·,+1 212-868-0868,http://www.nu.marketing/,info@nu.marketing,https://www.instagram.com/numedia.usa/,
https://www.google.com/maps/place/Friday+Marketing+Agency/data=!4m7!3m6!1s0x80c2c1b99e9f6fb7:0xf9662094c2cc2201!8m2!3d34.0655719!4d-118.401048!16s%2Fg%2F11wq05wmw0!19sChIJt2-fnrnBwoARASLMwpQgZvk?authuser=0&hl=en&rclk=1,Friday Marketing Agency,5.0,(15),Marketing agency,·,+1 310-807-0109,https://www.fridaymarketing.agency/,hello@fridaymarketing.agency,https://www.instagram.com/friday_marketing_/,https://x.com/FridayMark96699/
https://www.google.com/maps/place/KosherMedia/data=!4m7!3m6!1s0x89c259a917581627:0xc83cae6d915c18c6!8m2!3d40.6072117!4d-73.9610929!16s%2Fg%2F1ptvv1j8k!19sChIJJxZYF6lZwokRxhhckW2uPMg?authuser=0&hl=en&rclk=1,KosherMedia,4.8,(121),Marketing agency,1724 E 12th St 3rd floor,+1 212-564-4309,http://www.koshermedia.com/,website@koshermedia.com,https://www.instagram.com/koshermedia/,https://x.com/Kosherads/
https://www.google.com/maps/place/Digitality+Marketing/data=!4m7!3m6!1s0x89dd4d805150b9f3:0xf3a7bc814f7761c!8m2!3d41.2055988!4d-73.7270638!16s%2Fg%2F11hdw9dr5h!19sChIJ87lQUYBN3YkRHHb3FMh7Og8?authuser=0&hl=en&rclk=1,Digitality Marketing,4.9,(45),Marketing agency,125-131 Main St Suite #210,+1 845-630-7329,http://digitalitymarketing.com/,,https://www.instagram.com/digitalitymarketing/,
"https://www.google.com/maps/place/Ruckus+Marketing,+LLC/data=!4m7!3m6!1s0x89c259adb60c48bf:0x963f2096641d83c1!8m2!3d40.7534535!4d-73.9907376!16s%2Fg%2F1tnply1r!19sChIJv0gMtq1ZwokRwYMdZJYgP5Y?authuser=0&hl=en&rclk=1","Ruckus Marketing, LLC",4.6,(18),Marketing agency,·,+1 646-564-3880,http://www.ruckusmarketing.com/,,https://www.instagram.com/ruckusco/,https://x.com/ruckusmarketing/
https://www.google.com/maps/place/The+Marketing+Squad/data=!4m7!3m6!1s0x8869992f26245fc9:0x74a9e1c37ddcd474!8m2!3d38.2493309!4d-85.5089811!16s%2Fg%2F1hc153wrj!19sChIJyV8kJi-ZaYgRdNTcfcPhqXQ?authuser=0&hl=en&rclk=1,The Marketing Squad,4.9,(43),Marketing agency,13040 Eastgate Park Way Ste 108,+1 502-556-3914,https://themarketingsquad.com/,,https://www.instagram.com/marketingsquad/,
https://www.google.com/maps/place/365+Digital+Agency/data=!4m7!3m6!1s0x80c29789eb4f443b:0x3daae6d5bc769bd!8m2!3d34.15685!4d-118.484978!16s%2Fg%2F11f2wlf41l!19sChIJO0RP64mXwoARvWnHW22u2gM?authuser=0&hl=en&rclk=1,365 Digital Agency,5.0,(27),Marketing agency,16133 Ventura Blvd,+1 424-394-0605,https://365digitalagency.com/,info@365digitalagency.com,https://www.instagram.com/365digitalagency/,
https://www.google.com/maps/place/Socius+Marketing/data=!4m7!3m6!1s0x88c2e9d15fb99039:0xa258283f5bd5d01d!8m2!3d27.9647058!4d-82.5676827!16s%2Fg%2F1tql5kr4!19sChIJOZC5X9HpwogRHdDVWz8oWKI?authuser=0&hl=en&rclk=1,Socius Marketing,4.6,(88),Marketing agency,2701 N Rocky Point Dr #1045,+1 813-282-8300,https://www.sociusmarketing.com/,,,
https://www.google.com/maps/place/IAS+Marketing+Services/data=!4m7!3m6!1s0x88c3471773c014ed:0xfd9c95369960ebd1!8m2!3d27.261077!4d-82.515849!16s%2Fg%2F1262t5jyc!19sChIJ7RTAcxdHw4gR0etgmTaVnP0?authuser=0&hl=en&rclk=1,IAS Marketing Services,4.9,(87),Marketing agency,6508 Superior Ave,+1 941-921-5027,https://www.iasmarketingservices.com/,,,
https://www.google.com/maps/place/Nexus+Marketing/data=!4m7!3m6!1s0x88f50613ee39c1a7:0xbb9ad57af64cb889!8m2!3d33.7680786!4d-84.3609002!16s%2Fg%2F11fx4crd0k!19sChIJp8E57hMG9YgRibhM9nrVmrs?authuser=0&hl=en&rclk=1,Nexus Marketing,4.9,(62),Marketing agency,828 Ralph McGill Blvd NE,,https://www.nexusmarketing.com/,solutions@nexusmarketing.com,,
https://www.google.com/maps/place/eMaximize/data=!4m7!3m6!1s0x80c2b4067dd1a2bf:0x189d7d6c27f9ed77!8m2!3d33.9014164!4d-118.3921247!16s%2Fg%2F1wn33yb1!19sChIJv6LRfQa0woARd-35J2x9nRg?authuser=0&hl=en&rclk=1,eMaximize,5.0,(32),Marketing agency,1230 Rosecrans Ave #300,+1 310-706-4051,http://www.emaximize.com/,,,
https://www.google.com/maps/place/Jives+Media/data=!4m7!3m6!1s0x808f9fd133fb8885:0xdd61b0daa94c7eea!8m2!3d37.553958!4d-122.3000116!16s%2Fg%2F11svzb8z8j!19sChIJhYj7M9Gfj4AR6n5MqdqwYd0?authuser=0&hl=en&rclk=1,Jives Media,5.0,(92),Marketing agency,1825 S Grant St,+1 650-420-7455,https://www.jivesmedia.com/digital-marketing-agency-in-san-mateo-ca/,,https://www.instagram.com/jivesmedia/,https://x.com/jivesmedia/
https://www.google.com/maps/place/Faceted+Media+Marketing+Agency/data=!4m7!3m6!1s0x876b810a8c7bf9eb:0x35775eeed68173ba!8m2!3d39.7615033!4d-104.9789994!16s%2Fg%2F11gf8fwgnh!19sChIJ6_l7jAqBa4cRunOB1u5edzU?authuser=0&hl=en&rclk=1,Faceted Media Marketing Agency,5.0,(65),Marketing agency,3000 Lawrence St,+1 720-515-7190,https://facetedmedia.com/,,https://www.instagram.com/faceted.media/,
"https://www.google.com/maps/place/Marketing+Success,+Inc./data=!4m7!3m6!1s0x8824c41ffe46daef:0xe61d2ba94072daaa!8m2!3d42.6060233!4d-83.2096933!16s%2Fg%2F11b60t8w9r!19sChIJ79pG_h_EJIgRqtpyQKkrHeY?authuser=0&hl=en&rclk=1","Marketing Success, Inc.",5.0,(130),Internet marketing service,6001 N Adams Rd Ste 103,+1 248-720-5837,https://www.marketingsuccess.com/,,https://www.instagram.com/marketingsuccess7/,
https://www.google.com/maps/place/MRLA+Media/data=!4m7!3m6!1s0xc999024f9f64a19:0x4a79c3837300aff7!8m2!3d34.0638444!4d-118.2927246!16s%2Fg%2F11kb_tb71t!19sChIJGUr2-SSQmQwR968Ac4PDeUo?authuser=0&hl=en&rclk=1,MRLA Media,5.0,(38),Internet marketing service,·,+1 424-256-6075,https://www.mrla-media.com/,johnnyla@mrla-media.com,https://www.instagram.com/thejohnnyla/,
https://www.google.com/maps/place/Advertise+Purple+-+Affiliate+Management+Agency/data=!4m7!3m6!1s0x80c2a4d0383f079b:0x75cda04053670868!8m2!3d34.0246581!4d-118.4711513!16s%2Fg%2F1trxdzbf!19sChIJmwc_ONCkwoARaAhnU0CgzXU?authuser=0&hl=en&rclk=1,Advertise Purple - Affiliate Management Agency,4.2,(39),Marketing agency,2200 Michigan Ave,+1 424-272-7400,https://www.advertisepurple.com/,,,
https://www.google.com/maps/place/Jasmin+Media/data=!4m7!3m6!1s0x3ae259616e0d8969:0xa90bdbfe1ee5d47a!8m2!3d6.9120703!4d79.8557223!16s%2Fg%2F11f2ckt9_0!19sChIJaYkNbmFZ4joRetTlHv7bC6k?authuser=0&hl=en&rclk=1,Jasmin Media,4.7,(25),Marketing agency,61 Ananda Coomaraswamy Mawatha,077 215 0505,https://jasmin-media.com/,,https://www.instagram.com/dice.lk/,
https://www.google.com/maps/place/USASocialMediaServices/data=!4m7!3m6!1s0x39fbee544f2e72e3:0x9626c8e231529cb!8m2!3d24.3792825!4d88.5980722!16s%2Fg%2F11hd2503k8!19sChIJ43IuT1Tu-zkRyykVI45sYgk?authuser=0&hl=en&rclk=1,USASocialMediaServices,5.0,(4),Internet marketing service,·,+880 1649-160726,,,,
https://www.google.com/maps/place/Ignite+Marketing/data=!4m7!3m6!1s0x80c2ba5ea177361d:0xec786e3be5914fab!8m2!3d33.9596106!4d-118.3907051!16s%2Fg%2F11fxxmp85j!19sChIJHTZ3oV66woARq0-R5TtueOw?authuser=0&hl=en&rclk=1,Ignite Marketing,5.0,(35),Marketing agency,6060 Manchester Ave Suite 310,+1 424-328-1077,https://findignite.com/,,https://www.instagram.com/findignite/,
https://www.google.com/maps/place/Digital+Nomad+Ventures+Pvt+Ltd+%7C+SEO+%7C+Digital+Marketing+Agency/data=!4m7!3m6!1s0x3ae25955010d9941:0x8fb531cc4a0ee70b!8m2!3d6.9251566!4d79.8785083!16s%2Fg%2F11kg5wmmgq!19sChIJQZkNAVVZ4joRC-cOSswxtY8?authuser=0&hl=en&rclk=1,Digital Nomad Ventures Pvt Ltd | SEO | Digital Marketing Agency,5.0,(48),Internet marketing service,·,077 569 6867,https://digitalnomadventures.com/,krish@digitalnomadventures.com,https://www.instagram.com/digital_nomad_ventures/,
https://www.google.com/maps/place/24+Hour+Marketing/data=!4m7!3m6!1s0x6a9dc1bc3d14ff6d:0x87ebe52273cf93d9!8m2!3d40.5847004!4d-73.931688!16s%2Fg%2F11rvkqd19r!19sChIJbf8UPbzBnWoR2ZPPcyLl64c?authuser=0&hl=en&rclk=1,24 Hour Marketing,5.0,(58),Internet marketing service,·,+1 917-994-9796,https://www.24hrmarketing.com/,,,
https://www.google.com/maps/place/Agency+Platform/data=!4m7!3m6!1s0x89c259a82eb22401:0xd34eddc6095cab72!8m2!3d40.7471083!4d-73.9831343!16s%2Fg%2F11b6hxfk7c!19sChIJASSyLqhZwokRcqtcCcbdTtM?authuser=0&hl=en&rclk=1,Agency Platform,4.9,(35),Internet marketing service,·,+1 646-688-3628,https://www.agencyplatform.com/,sales@agencyplatform.com; support@agencyplatform.com,,https://x.com/agencyplatform/
