place_id,business_name,rating,reviews,category,address,whatsapp_number,website,email
https://www.google.com/maps/place/The+Good+Marketer+%7C+Digital+Marketing+Agency+London/data=!4m7!3m6!1s0x47d8a1419b07cfa7:0xb1b1e60c34b3f26f!8m2!3d51.5262993!4d-0.0798794!16s%2Fg%2F11f042ss_d!19sChIJp88Hm0Gh2EcRb_KzNAzmsbE?authuser=0&hl=en&rclk=1,The Good Marketer | Digital Marketing Agency London,4.8,(136),Internet marketing service,·,+44 20 3576 2150,https://www.thegoodmarketer.co.uk/,info@thegoodmarketer.co.uk
https://www.google.com/maps/place/Make+Agency/data=!4m7!3m6!1s0x48761cd0645b826b:0x31bb39a98980dbcf!8m2!3d51.5238339!4d-0.0829043!16s%2Fg%2F1q6jcm5y5!19sChIJa4JbZNAcdkgRz9uAiak5uzE?authuser=0&hl=en&rclk=1,Make Agency,4.9,(80),Marketing agency,"The Old Dairy 213, Stapleton House, 110-122 Clifton St",+44 20 3567 0860,http://makeagency.co.uk/,
https://www.google.com/maps/place/RiseUp+Agency+%28formerly+Global+Search+Marketing%29/data=!4m7!3m6!1s0x4870bc8e5abcca49:0x72092695d065dd13!8m2!3d52.4784581!4d-1.9061914!16s%2Fg%2F11b6cpx2b3!19sChIJScq8Wo68cEgRE91l0JUmCXI?authuser=0&hl=en&rclk=1,RiseUp Agency (formerly Global Search Marketing),4.9,(28),Marketing agency,·,+44 121 514 2291,https://riseup.agency/,
https://www.google.com/maps/place/The+Fresh+UK/data=!4m7!3m6!1s0x487bae656fbaaaab:0x36a1f3612ddc8397!8m2!3d53.4676329!4d-2.3041007!16s%2Fg%2F11fx7mmq6g!19sChIJq6q6b2Wue0gRl4PcLWHzoTY?authuser=0&hl=en&rclk=1,The Fresh UK,5.0,(485),Marketing agency,"Suite 5, Warren Bruce Court, Warren Bruce Rd",+44 161 875 2466,https://www.thefresh.co.uk/,
https://www.google.com/maps/place/UK+Digital+Marketing/data=!4m7!3m6!1s0x4871f52923fef587:0x7cc263ea7f2c339f!8m2!3d51.4952937!4d-2.6185671!16s%2Fg%2F11flfmrk_1!19sChIJh_X-Iyn1cUgRnzMsf-pjwnw?authuser=0&hl=en&rclk=1,UK Digital Marketing,4.8,(69),Marketing agency,Trym Lodge 1 Henbury Lodge,+44 117 909 9253,https://www.ukdigitalmarketing.co.uk/,
https://www.google.com/maps/place/s360+Digital+UK/data=!4m7!3m6!1s0x487604d5a1c8235d:0xe752759bee33c16f!8m2!3d51.5023976!4d-0.0925954!16s%2Fg%2F1tg5z33d!19sChIJXSPIodUEdkgRb8Ez7pt1Uuc?authuser=0&hl=en&rclk=1,s360 Digital UK,4.7,(48),Internet marketing service,·,+44 7465 280990,https://www.crawlbytes.com/,info@crawlbytes.com
https://www.google.com/maps/place/Visionary+Marketing+%7C+Digital+Marketing+Agency+London/data=!4m7!3m6!1s0x48761d9c56661ca1:0xe85e1d72a57054b4!8m2!3d51.5227003!4d-0.0869551!16s%2Fg%2F11wv2jn943!19sChIJoRxmVpwddkgRtFRwpXIdXug?authuser=0&hl=en&rclk=1,Visionary Marketing | Digital Marketing Agency London,5.0,(54),Marketing agency,5 City Rd,+44 191 607 6707,https://visionary-marketing.co.uk/digital-marketing-agency-london,chris@visionary-marketing.co.uk
https://www.google.com/maps/place/Disturb+Digital/data=!4m7!3m6!1s0x4876137370ba9f75:0xeea2f30281b283bd!8m2!3d51.5800049!4d-0.3369108!16s%2Fg%2F11gtg9qjwg!19sChIJdZ-6cHMTdkgRvYOygQLzou4?authuser=0&hl=en&rclk=1,Disturb Digital,5.0,(38),Marketing agency,"79 College Road, Harrow, Greater",+44 20 8819 1867,http://disturbdigital.com/,
https://www.google.com/maps/place/Dream+Digital+Agency/data=!4m7!3m6!1s0x2ac6c5a11580c909:0x143fc1c2f9ee956e!8m2!3d51.5272357!4d-0.0886604!16s%2Fg%2F11pd_pyccd!19sChIJCcmAFaHFxioRbpXu-cLBPxQ?authuser=0&hl=en&rclk=1,Dream Digital Agency,4.9,(28),Marketing agency,128 City Rd,+44 800 043 8894,https://dreamdigital.agency/,
https://www.google.com/maps/place/London+Marketing+Company+-+Marketing+%7C+Web+Design+%7C+SEO+Agency+London/data=!4m7!3m6!1s0x487605af3b58db85:0x19c76936cd6df93b!8m2!3d51.5099078!4d-0.1452095!16s%2Fg%2F11s7fw7p3s!19sChIJhdtYO68FdkgRO_ltzTZpxxk?authuser=0&hl=en&rclk=1,London Marketing Company - Marketing | Web Design | SEO Agency London,5.0,(98),Marketing agency,"Berkeley Square House, Berkeley Square",+44 20 3369 5050,https://londonmarketingcompany.co.uk/?utm_source=google&utm_medium=organic&utm_campaign=gmb-profile,
https://www.google.com/maps/place/PN+Digital+SEO+Agency+London/data=!4m7!3m6!1s0x48769b1096e9fb0f:0x20bb84479f26b7fe!8m2!3d51.5270735!4d-0.0886128!16s%2Fg%2F11ddx6f4jm!19sChIJD_vplhCbdkgR_rcmn0eEuyA?authuser=0&hl=en&rclk=1,PN Digital SEO Agency London,4.9,(80),Internet marketing service,"Kemp House, 152 - 160 City Rd",+44 20 7846 0130,https://pndigital.co.uk/?gmb,info@pndigital.co.uk
https://www.google.com/maps/place/Iconic+Digital/data=!4m7!3m6!1s0x487604cbe1cc2a85:0x13106ca620dd0e98!8m2!3d51.5096285!4d-0.121906!16s%2Fg%2F1ptvvj0cb!19sChIJhSrM4csEdkgRmA7dIKZsEBM?authuser=0&hl=en&rclk=1,Iconic Digital,4.9,(61),Marketing agency,7 Adam St,+44 20 7100 0726,https://www.iconicdigital.co.uk/,
https://www.google.com/maps/place/Ogilvy+UK/data=!4m7!3m6!1s0x487604b1e909dc49:0x27efb992415adbe8!8m2!3d51.5083643!4d-0.1062094!16s%2Fg%2F1tf2x83_!19sChIJSdwJ6bEEdkgR6NtaQZK57yc?authuser=0&hl=en&rclk=1,Ogilvy UK,4.4,(74),Advertising agency,·,+44 20 7345 3000,http://www.ogilvy.co.uk/,
https://www.google.com/maps/place/Passion+Digital/data=!4m7!3m6!1s0x4876045217839471:0xf9ead263f91cffe7!8m2!3d51.5174204!4d-0.1226863!16s%2Fg%2F113fs385t!19sChIJcZSDF1IEdkgR5_8c-WPS6vk?authuser=0&hl=en&rclk=1,Passion Digital,4.9,(40),Internet marketing service,"4th Floor, Holborn Tower, 137-144 New Oxford St",+44 20 3432 1360,https://passion.digital/?utm_source=google&utm_medium=organic&utm_campaign=googlemybusiness,
https://www.google.com/maps/place/Gripped/data=!4m7!3m6!1s0x487603585f975acf:0x9c8bc456668144db!8m2!3d51.5048455!4d-0.0933374!16s%2Fg%2F11gf0d64hd!19sChIJz1qXX1gDdkgR20SBZlbEi5w?authuser=0&hl=en&rclk=1,Gripped,4.9,(37),Internet marketing service,38 Southwark St,+44 330 808 0988,https://gripped.io/,
https://www.google.com/maps/place/SOS+Marketing/data=!4m7!3m6!1s0x48795b607f3651d7:0x4ed2ffc87a9a0b6d!8m2!3d53.7975953!4d-1.5397467!16s%2Fg%2F11fk53fvh_!19sChIJ11E2f2BbeUgRbQuaesj_0k4?authuser=0&hl=en&rclk=1,SOS Marketing,5.0,(40),Marketing agency,"The Leeming Building, Ludgate Hill",+44 113 294 8871,http://www.sosmarketing.uk/,
https://www.google.com/maps/place/Milton+Keynes+Marketing/data=!4m7!3m6!1s0x275ea45c183f2d5:0x3e57a81ae6d9450e!8m2!3d52.0595046!4d-0.8141198!16s%2Fg%2F11kq3q7fb7!19sChIJ1fKDwUXqdQIRDkXZ5hqoVz4?authuser=0&hl=en&rclk=1,Milton Keynes Marketing,5.0,(66),Marketing agency,92 Windsor St,+44 7484 866107,https://miltonkeynesmarketing.uk/,
https://www.google.com/maps/place/Digital+Marketing+Agency+London/data=!4m7!3m6!1s0x487605359f9d33c3:0x29be7e6f39d82c55!8m2!3d51.5111019!4d-0.1868485!16s%2Fg%2F11tfq62mzg!19sChIJwzOdnzUFdkgRVSzYOW9-vik?authuser=0&hl=en&rclk=1,Digital Marketing Agency London,5.0,(3),Marketing agency,26 Queensway,+44 20 8058 0446,https://digitalmarketing-agency.uk/,
https://www.google.com/maps/place/Atomic+Digital+Marketing/data=!4m7!3m6!1s0x487bb39c9a995401:0x48831323803331db!8m2!3d53.3885208!4d-2.6004075!16s%2Fg%2F11h3dndjld!19sChIJAVSZmpyze0gR2zEzgCMTg0g?authuser=0&hl=en&rclk=1,Atomic Digital Marketing,5.0,(50),Marketing agency,·,+44 1925 500519,https://atomicdigitalmarketing.co.uk/,contact@atomicdigitalmarketing.co.uk
https://www.google.com/maps/place/SideDish+Media/data=!4m7!3m6!1s0x48761b716553c623:0x1e6ea350a9b091cf!8m2!3d51.5158749!4d-0.1317564!16s%2Fg%2F11f8hszktm!19sChIJI8ZTZXEbdkgRz5GwqVCjbh4?authuser=0&hl=en&rclk=1,SideDish Media,4.9,(42),Marketing agency,18 Soho Square,+44 20 7157 9943,https://www.sidedishmedia.co.uk/?utm_source=SDM%20-%20GMB&utm_medium=GMB&utm_campaign=Website%20click%20from%20GMB,enquire@sidedishmedia.co.uk
https://www.google.com/maps/place/RiseUp+Agency+%28formerly+Global+Search+Marketing%29/data=!4m7!3m6!1s0x4870bc8e5abcca49:0x72092695d065dd13!8m2!3d52.4784581!4d-1.9061914!16s%2Fg%2F11b6cpx2b3!19sChIJScq8Wo68cEgRE91l0JUmCXI?authuser=0&hl=en&rclk=1,RiseUp Agency (formerly Global Search Marketing),4.9,(28),Marketing agency,·,+44 121 514 2291,https://riseup.agency/,
https://www.google.com/maps/place/Mocxdesigns/data=!4m7!3m6!1s0x3ae2519b67fa6fff:0xa4f384b6ade1200e!8m2!3d6.9075567!4d79.8507247!16s%2Fg%2F11lt5kx5sq!19sChIJ_2_6Z5tR4joRDiDhrbaE86Q?authuser=0&hl=en&rclk=1,Mocxdesigns,4.9,(115),Marketing agency,366 Galle Rd,077 365 8640,https://mocxdesigns.com/,info@mocxdesigns.com
https://www.google.com/maps/place/London+Marketing+Company+-+Marketing+%7C+Web+Design+%7C+SEO+Agency+London/data=!4m7!3m6!1s0x487605af3b58db85:0x19c76936cd6df93b!8m2!3d51.5099078!4d-0.1452095!16s%2Fg%2F11s7fw7p3s!19sChIJhdtYO68FdkgRO_ltzTZpxxk?authuser=0&hl=en&rclk=1,London Marketing Company - Marketing | Web Design | SEO Agency London,5.0,(98),Marketing agency,"Berkeley Square House, Berkeley Square",+44 20 3369 5050,https://londonmarketingcompany.co.uk/?utm_source=google&utm_medium=organic&utm_campaign=gmb-profile,
https://www.google.com/maps/place/Make+Agency/data=!4m7!3m6!1s0x48761cd0645b826b:0x31bb39a98980dbcf!8m2!3d51.5238339!4d-0.0829043!16s%2Fg%2F1q6jcm5y5!19sChIJa4JbZNAcdkgRz9uAiak5uzE?authuser=0&hl=en&rclk=1,Make Agency,4.9,(80),Marketing agency,"The Old Dairy 213, Stapleton House, 110-122 Clifton St",+44 20 3567 0860,http://makeagency.co.uk/,
https://www.google.com/maps/place/Xiteb+%28Pvt%29+Ltd/data=!4m7!3m6!1s0x10444f99f06db5db:0x6f8c16bf6659d315!8m2!3d6.8961591!4d79.8570551!16s%2Fg%2F1vq738ck!19sChIJ27Vt8JlPRBARFdNZZr8WjG8?authuser=0&hl=en&rclk=1,Xiteb (Pvt) Ltd,4.7,(229),Website designer,·,0114 347 575,http://www.xiteb.com/,hello@xiteb.com
https://www.google.com/maps/place/Faculty+of+Digital+%28Digital+Marketing+Agency%29/data=!4m7!3m6!1s0xfc32e7d4271a8d7:0xf8322634303efd33!8m2!3d7.857685!4d80.70625!16s%2Fg%2F11ldvhp4s3!19sChIJ16hxQn0uww8RM_0-MDQmMvg?authuser=0&hl=en&rclk=1,Faculty of Digital (Digital Marketing Agency),5.0,(1),Marketing agency,· Opens 9 AM,076 118 6913,,
https://www.google.com/maps/place/Nautilus+Marketing/data=!4m7!3m6!1s0x4870ab3ff0cd0f41:0xdb42c3abd5f91681!8m2!3d51.5184253!4d-0.1421107!16s%2Fg%2F11h3btvw0m!19sChIJQQ_N8D-rcEgRgRb51avDQts?authuser=0&hl=en&rclk=1,Nautilus Marketing,5.0,(179),Marketing agency,"1st Floor, 85 Great Portland St",+44 20 4513 9344,https://nautilusmarketing.co.uk/,info@nautilusmarketing.co.uk
https://www.google.com/maps/place/Loving+Social+Media/data=!4m7!3m6!1s0x48761f24d4771c95:0xf019ad79303fac42!8m2!3d51.6568789!4d-0.0682313!16s%2Fg%2F1td4d0s8!19sChIJlRx31CQfdkgRQqw_MHmtGfA?authuser=0&hl=en&rclk=1,Loving Social Media,5.0,(152),Internet marketing service,·,+44 20 3846 8888,https://lovingsocialmedia.com/,info@lovingsocialmedia.com
https://www.google.com/maps/place/s360+Digital+UK/data=!4m7!3m6!1s0x487604d5a1c8235d:0xe752759bee33c16f!8m2!3d51.5023976!4d-0.0925954!16s%2Fg%2F1tg5z33d!19sChIJXSPIodUEdkgRb8Ez7pt1Uuc?authuser=0&hl=en&rclk=1,s360 Digital UK,4.7,(48),Internet marketing service,·,+44 7465 280990,https://www.crawlbytes.com/,info@crawlbytes.com
https://www.google.com/maps/place/Digital+Marketing+Agency+London/data=!4m7!3m6!1s0x487605359f9d33c3:0x29be7e6f39d82c55!8m2!3d51.5111019!4d-0.1868485!16s%2Fg%2F11tfq62mzg!19sChIJwzOdnzUFdkgRVSzYOW9-vik?authuser=0&hl=en&rclk=1,Digital Marketing Agency London,5.0,(3),Marketing agency,26 Queensway,+44 20 8058 0446,https://digitalmarketing-agency.uk/,
https://www.google.com/maps/place/Ogilvy+UK/data=!4m7!3m6!1s0x487604b1e909dc49:0x27efb992415adbe8!8m2!3d51.5083643!4d-0.1062094!16s%2Fg%2F1tf2x83_!19sChIJSdwJ6bEEdkgR6NtaQZK57yc?authuser=0&hl=en&rclk=1,Ogilvy UK,4.4,(74),Advertising agency,·,+44 20 7345 3000,http://www.ogilvy.co.uk/,
https://www.google.com/maps/place/Why+Media/data=!4m7!3m6!1s0x4876052ada6656c1:0xe37f4dc033f3b492!8m2!3d51.509329!4d-0.137949!16s%2Fg%2F1jgm1fysn!19sChIJwVZm2ioFdkgRkrTzM8BNf-M?authuser=0&hl=en&rclk=1,Why Media,5.0,(110),Marketing agency,8 Sackville St,+44 20 3007 6002,https://whymedia.com/,info@whymedia.com
https://www.google.com/maps/place/Bambu+Digital+Marketing+Agency/data=!4m7!3m6!1s0x48760f3bd4ae5c0f:0xbbe85543e14f14b6!8m2!3d51.4934106!4d-0.2196739!16s%2Fg%2F11mpnlf8cv!19sChIJD1yu1DsPdkgRthRP4UNV6Ls?authuser=0&hl=en&rclk=1,Bambu Digital Marketing Agency,5.0,(27),Marketing agency,"Kings House, 174 Hammersmith Rd",+44 20 3151 2124,https://www.bambuagency.com/,
https://www.google.com/maps/place/Elevate+Digital/data=!4m7!3m6!1s0x4876035b9876a589:0xa87b47af2d726fb3!8m2!3d51.5081761!4d-0.0595714!16s%2Fg%2F11gvtr2jb8!19sChIJiaV2mFsDdkgRs29yLa9He6g?authuser=0&hl=en&rclk=1,Elevate Digital,4.9,(48),Marketing agency,"The Dock,Tobacco Quay, Wapping Ln",+44 20 3026 2416,https://elevate-digital-solutions.com/,info@elevate-digital-solutions.com
https://www.google.com/maps/place/Passion+Digital/data=!4m7!3m6!1s0x4876045217839471:0xf9ead263f91cffe7!8m2!3d51.5174204!4d-0.1226863!16s%2Fg%2F113fs385t!19sChIJcZSDF1IEdkgR5_8c-WPS6vk?authuser=0&hl=en&rclk=1,Passion Digital,4.9,(40),Internet marketing service,"4th Floor, Holborn Tower, 137-144 New Oxford St",+44 20 3432 1360,https://passion.digital/?utm_source=google&utm_medium=organic&utm_campaign=googlemybusiness,
https://www.google.com/maps/place/The+Fresh+UK/data=!4m7!3m6!1s0x487bae656fbaaaab:0x36a1f3612ddc8397!8m2!3d53.4676329!4d-2.3041007!16s%2Fg%2F11fx7mmq6g!19sChIJq6q6b2Wue0gRl4PcLWHzoTY?authuser=0&hl=en&rclk=1,The Fresh UK,5.0,(485),Marketing agency,"Suite 5, Warren Bruce Court, Warren Bruce Rd",+44 161 875 2466,https://www.thefresh.co.uk/,
https://www.google.com/maps/place/BQu+Services+%28Pvt%29+Ltd/data=!4m7!3m6!1s0x3ae25bdf2704cc0d:0xf8316890480e26d4!8m2!3d6.8956846!4d79.8568313!16s%2Fg%2F12cnvtdlt!19sChIJDcwEJ99b4joR1CYOSJBoMfg?authuser=0&hl=en&rclk=1,BQu Services (Pvt) Ltd,5.0,(1),Internet marketing service,"82 4/1, Bauddhaloka Mawatha",0112 585 660,http://www.bquservices.com/,
https://www.google.com/maps/place/Gripped/data=!4m7!3m6!1s0x487603585f975acf:0x9c8bc456668144db!8m2!3d51.5048455!4d-0.0933374!16s%2Fg%2F11gf0d64hd!19sChIJz1qXX1gDdkgR20SBZlbEi5w?authuser=0&hl=en&rclk=1,Gripped,4.9,(37),Internet marketing service,38 Southwark St,+44 330 808 0988,https://gripped.io/,
https://www.google.com/maps/place/Study+Abroad+Education+Consultants/data=!4m7!3m6!1s0x3ae2595d60265d03:0xab1a99d21e1b9064!8m2!3d6.8801458!4d79.8585096!16s%2Fg%2F11xg4gg08!19sChIJA10mYF1Z4joRZJAbHtKZGqs?authuser=0&hl=en&rclk=1,Study Abroad Education Consultants,,,Educational consultant,12A Ridgeway Pl,077 786 1474,,
https://www.google.com/maps/place/BeSeen/data=!4m7!3m6!1s0x3ae2f7dc7b103925:0x304488881d963548!8m2!3d6.9888181!4d79.8894534!16s%2Fg%2F11tfs1pskx!19sChIJJTkQe9z34joRSDWWHYiIRDA?authuser=0&hl=en&rclk=1,BeSeen,5.0,(2),Marketing agency,"188, Ela Ivura Road, Hendala Rd",077 419 2370,https://beseen.lk/,
https://www.google.com/maps/place/Digital+Marketing+Agency+in+London/data=!4m7!3m6!1s0xa3198059bebd9f97:0xfcd827854617568c!8m2!3d51.5286416!4d-0.1015987!16s%2Fg%2F11t369mjd6!19sChIJl5-9vlmAGaMRjFYXRoUn2Pw?authuser=0&hl=en&rclk=1,Digital Marketing Agency in London,5.0,(20),Internet marketing service,,+44 7723 440899,https://discovermybusiness.com/,
https://www.google.com/maps/place/SOS+Marketing/data=!4m7!3m6!1s0x48795b607f3651d7:0x4ed2ffc87a9a0b6d!8m2!3d53.7975953!4d-1.5397467!16s%2Fg%2F11fk53fvh_!19sChIJ11E2f2BbeUgRbQuaesj_0k4?authuser=0&hl=en&rclk=1,SOS Marketing,5.0,(40),Marketing agency,"The Leeming Building, Ludgate Hill",+44 113 294 8871,http://www.sosmarketing.uk/,
https://www.google.com/maps/place/Jives+Media/data=!4m7!3m6!1s0x4876031e14c02251:0x611ee2a424aba5ce!8m2!3d51.503627!4d-0.015056!16s%2Fg%2F11rc0m34l9!19sChIJUSLAFB4DdkgRzqWrJKTiHmE?authuser=0&hl=en&rclk=1,Jives Media,5.0,(59),Marketing agency,·,+44 20 4600 7444,https://www.jivesmedia.com/digital-marketing-agency-in-london/,
https://www.google.com/maps/place/Milton+Keynes+Marketing/data=!4m7!3m6!1s0x275ea45c183f2d5:0x3e57a81ae6d9450e!8m2!3d52.0595046!4d-0.8141198!16s%2Fg%2F11kq3q7fb7!19sChIJ1fKDwUXqdQIRDkXZ5hqoVz4?authuser=0&hl=en&rclk=1,Milton Keynes Marketing,5.0,(66),Marketing agency,92 Windsor St,+44 7484 866107,https://miltonkeynesmarketing.uk/,
https://www.google.com/maps/place/Dream+Digital+Agency/data=!4m7!3m6!1s0x2ac6c5a11580c909:0x143fc1c2f9ee956e!8m2!3d51.5272357!4d-0.0886604!16s%2Fg%2F11pd_pyccd!19sChIJCcmAFaHFxioRbpXu-cLBPxQ?authuser=0&hl=en&rclk=1,Dream Digital Agency,4.9,(28),Marketing agency,128 City Rd,+44 800 043 8894,https://dreamdigital.agency/,
https://www.google.com/maps/place/CEEK+Marketing/data=!4m7!3m6!1s0x4876052cc5e510b7:0x6cb754b28d2c95c2!8m2!3d51.5148371!4d-0.1297095!16s%2Fg%2F11f15n8nmq!19sChIJtxDlxSwFdkgRwpUsjbJUt2w?authuser=0&hl=en&rclk=1,CEEK Marketing,4.8,(19),Marketing agency,"4th Floor, CEEK Marketing, 120 Charing Cross Rd",+44 20 8610 7070,https://ceek.co.uk/,
https://www.google.com/maps/place/Lyken+Technologies+%28Private%29+Limited/data=!4m7!3m6!1s0x3ae2fd9854d710d1:0x793a960750bc8fc9!8m2!3d6.8867012!4d79.8622073!16s%2Fg%2F11gy4mpz6k!19sChIJ0RDXVJj94joRyY-8UAeWOnk?authuser=0&hl=en&rclk=1,Lyken Technologies (Private) Limited,5.0,(2),Marketing agency,·,076 630 0033,,
https://www.google.com/maps/place/Abacus+Marketing+%7C+Marketing+Agency+London/data=!4m7!3m6!1s0x48760e0cbb474be7:0x892e7ab2a88cc692!8m2!3d51.520304!4d-0.1076274!16s%2Fg%2F11g_244y1!19sChIJ50tHuwwOdkgRksaMqLJ6Lok?authuser=0&hl=en&rclk=1,Abacus Marketing | Marketing Agency London,4.8,(51),Marketing agency,"31, 35 Kirby St",+44 20 3858 7836,https://abacusmarketing.co.uk/?utm_source=google_profile&utm_campaign=localo&utm_medium=mainlink,
https://www.google.com/maps/place/Right+Hook+-+Marketing+Agency/data=!4m7!3m6!1s0x487983a1046a94b5:0x4654d068689d2abd!8m2!3d54.786647!4d-1.5357834!16s%2Fg%2F11h555q51b!19sChIJtZRqBKGDeUgRvSqdaGjQVEY?authuser=0&hl=en&rclk=1,Right Hook - Marketing Agency,5.0,(43),Marketing agency,"Portland House, Belmont Business Park",+44 191 354 5044,https://righthook.co.uk/,hello@righthook.co.uk
https://www.google.com/maps/place/Optisearch+-+Google+Ads+%26+SEO+Agency/data=!4m7!3m6!1s0x487601e8d1f74ff3:0xa47634ab29841fd0!8m2!3d51.5200316!4d-0.1081254!16s%2Fg%2F11rz3wrhsq!19sChIJ80_30egBdkgR0B-EKas0dqQ?authuser=0&hl=en&rclk=1,Optisearch - Google Ads & SEO Agency,5.0,(61),Marketing agency,34 Hatton Garden,+44 20 4572 2042,http://optisearch.co.uk/,
https://www.google.com/maps/place/ipageseo/data=!4m7!3m6!1s0x3afe536aa387e227:0xd14a2be9e15493bb!8m2!3d6.8641587!4d79.8641177!16s%2Fg%2F11nfzxn9mm!19sChIJJ-KHo2pT_joRu5NU4ekrStE?authuser=0&hl=en&rclk=1,ipageseo,,,Internet marketing service,"Roma Flat, 183/5c Rajaguru Sri Subuthi Rd",074 049 0908,http://ipageseo.co.uk/contact,
https://www.google.com/maps/place/Digital+Works+Agency/data=!4m7!3m6!1s0x48760f20b3424311:0x3d5ae1993490519a!8m2!3d51.5133084!4d-0.227978!16s%2Fg%2F11gn205_s6!19sChIJEUNCsyAPdkgRmlGQNJnhWj0?authuser=0&hl=en&rclk=1,Digital Works Agency,5.0,(15),Marketing agency,191 Wood Ln,,https://www.xpfreelancer.com/,
https://www.google.com/maps/place/Midnight+Blue+Marketing+Limited/data=!4m7!3m6!1s0x48763f054dc07d1d:0x8a17995a947566ae!8m2!3d51.7546069!4d-0.3439313!16s%2Fg%2F11j4mjwt3w!19sChIJHX3ATQU_dkgRrmZ1lFqZF4o?authuser=0&hl=en&rclk=1,Midnight Blue Marketing Limited,5.0,(137),Marketing agency,"Room 151, top floor, 1 Church Cres",+44 7980 649507,http://midnightbluemarketing.co.uk/,anna@midnightbluemarketing.co.uk; michelle@midnightbluemarketing.co.uk
https://www.google.com/maps/place/LAYOUTindex+Innovation+Center+-+Bespoke+Software+Development+Company/data=!4m7!3m6!1s0x3ae25b0685506acb:0xf3853c12fe60f0d0!8m2!3d6.9094566!4d79.8861871!16s%2Fg%2F1pv5zxk5q!19sChIJy2pQhQZb4joR0PBg_hI8hfM?authuser=0&hl=en&rclk=1,LAYOUTindex Innovation Center - Bespoke Software Development Company,3.8,(36),Marketing agency,68/1A Sarasavi Ln,0114 388 170,https://www.layoutindex.com/,
https://www.google.com/maps/place/Medico+Digital/data=!4m7!3m6!1s0x48718e7872c47a47:0xf625b3159202b847!8m2!3d51.5297952!4d-0.1201384!16s%2Fg%2F11c4bgt31n!19sChIJR3rEcniOcUgRR7gCkhWzJfY?authuser=0&hl=en&rclk=1,Medico Digital,4.9,(53),Marketing agency,344-354 Grays Inn Rd,+44 20 3582 0064,http://www.medicodigital.co.uk/,hello@medicodigital.co.uk
https://www.google.com/maps/place/GA+Agency/data=!4m7!3m6!1s0x48760f713ae45cc7:0x130cc83869945f1e!8m2!3d51.5133291!4d-0.1361574!16s%2Fg%2F11j2smn92d!19sChIJx1zkOnEPdkgRHl-UaTjIDBM?authuser=0&hl=en&rclk=1,GA Agency,4.8,(16),Marketing agency,"Building, 33 broadwick Street Fora",,http://www.ga.agency/,
https://www.google.com/maps/place/PN+Digital+SEO+Agency+London/data=!4m7!3m6!1s0x48769b1096e9fb0f:0x20bb84479f26b7fe!8m2!3d51.5270735!4d-0.0886128!16s%2Fg%2F11ddx6f4jm!19sChIJD_vplhCbdkgR_rcmn0eEuyA?authuser=0&hl=en&rclk=1,PN Digital SEO Agency London,4.9,(80),Internet marketing service,"Kemp House, 152 - 160 City Rd",+44 20 7846 0130,https://pndigital.co.uk/?gmb,info@pndigital.co.uk
https://www.google.com/maps/place/UK+Digital+Marketing/data=!4m7!3m6!1s0x4871f52923fef587:0x7cc263ea7f2c339f!8m2!3d51.4952937!4d-2.6185671!16s%2Fg%2F11flfmrk_1!19sChIJh_X-Iyn1cUgRnzMsf-pjwnw?authuser=0&hl=en&rclk=1,UK Digital Marketing,4.8,(69),Marketing agency,Trym Lodge 1 Henbury Lodge,+44 117 909 9253,https://www.ukdigitalmarketing.co.uk/,
"https://www.google.com/maps/place/Pure+Marketing+-+SEO,+PPC+%26+Web+Design+Birmingham/data=!4m7!3m6!1s0x4870bcf6b0ef4587:0x4e6ed14754479c18!8m2!3d52.4854765!4d-1.9045499!16s%2Fg%2F11gh_2xnw7!19sChIJh0XvsPa8cEgRGJxHVEfRbk4?authuser=0&hl=en&rclk=1","Pure Marketing - SEO, PPC & Web Design Birmingham",5.0,(58),Marketing agency,·,+44 121 573 0233,https://puremarketing.uk/,info@puremarketing.uk
https://www.google.com/maps/place/BeUniqueness+Ltd/data=!4m7!3m6!1s0x487bb12943f3cca9:0x351ef81ee92c93f8!8m2!3d53.4799086!4d-2.2510893!16s%2Fg%2F11fkwn70k0!19sChIJqczzQymxe0gR-JMs6R74HjU?authuser=0&hl=en&rclk=1,BeUniqueness Ltd,4.7,(47),Marketing agency,"10th floor, 3 Hardman St",,https://www.beuniqueness.co.uk/,info@beuniqueness.co.uk
https://www.google.com/maps/place/BeUniqueness+Ltd/data=!4m7!3m6!1s0x487bb12943f3cca9:0x351ef81ee92c93f8!8m2!3d53.4799086!4d-2.2510893!16s%2Fg%2F11fkwn70k0!19sChIJqczzQymxe0gR-JMs6R74HjU?authuser=0&hl=en&rclk=1,BeUniqueness Ltd,4.7,(47),Marketing agency,"10th floor, 3 Hardman St",,https://www.beuniqueness.co.uk/,info@beuniqueness.co.uk
https://www.google.com/maps/place/PPC+Marketing+Agency+for+SaaS+%7C+London+%7C+Two+Spouts/data=!4m7!3m6!1s0x4876057e987138e5:0xe1f1029b6a2392ca!8m2!3d51.5137949!4d-0.1021517!16s%2Fg%2F11h1fz9cfg!19sChIJ5ThxmH4FdkgRypIjapsC8eE?authuser=0&hl=en&rclk=1,PPC Marketing Agency for SaaS | London | Two Spouts,5.0,(17),Internet marketing service,"Office 7, 35-37 Ludgate Hill",+44 20 8638 6442,https://www.twospouts.com/,
https://www.google.com/maps/place/YOU+Agency/data=!4m7!3m6!1s0x487604cdbb58ca79:0x51e854196a6c6ebe!8m2!3d51.5133291!4d-0.1361574!16s%2Fg%2F1hf26dyqf!19sChIJecpYu80EdkgRvm5sahlU6FE?authuser=0&hl=en&rclk=1,YOU Agency,4.5,(20),Advertising agency,33 Broadwick St,+44 20 7129 7072,http://www.you-agency.com/,hello@you-agency.com
https://www.google.com/maps/place/RED+Marketing+-+Digital+Marketing+Agency+London/data=!4m7!3m6!1s0x4875e34080ed86a9:0xc06d453e485479d1!8m2!3d51.4791587!4d-0.2781389!16s%2Fg%2F11rz3qbjj8!19sChIJqYbtgEDjdUgR0XlUSD5FbcA?authuser=0&hl=en&rclk=1,RED Marketing - Digital Marketing Agency London,5.0,(24),Marketing agency,39 Melliss Ave,+44 7874 160831,https://www.redmarketing.biz/,info@redmarketing.biz
https://www.google.com/maps/place/Distribute+Digital/data=!4m7!3m6!1s0x4870cf1f614659db:0xbc461197ee1b5b3a!8m2!3d52.4854427!4d-1.9045876!16s%2Fg%2F11hzn5547r!19sChIJ21lGYR_PcEgROlsb7pcRRrw?authuser=0&hl=en&rclk=1,Distribute Digital,5.0,(85),Marketing agency,"Grosvenor House, 11 St Paul's Square",+44 121 318 6796,https://distributedigital.co.uk/?utm_source=GMB&utm_medium=organic&utm_campaign=birmingham,
https://www.google.com/maps/place/Byter+-+Digital+Marketing+%26+Social+Media/data=!4m7!3m6!1s0x487605f14ac2fb6f:0x439e53751501b0c6!8m2!3d51.5155015!4d-0.1442266!16s%2Fg%2F11h6rnxsgs!19sChIJb_vCSvEFdkgRxrABFXVTnkM?authuser=0&hl=en&rclk=1,Byter - Digital Marketing & Social Media,5.0,(29),Advertising agency,·,+44 20 4540 5675,https://www.byter.com/,info@byter.com; press@byter.com
"https://www.google.com/maps/place/Jain+marketing+Vista+ltd%2F%2F+Best+Digital+Marketing+Agency+in+London+UK%2F%2F+3D,+CGI,VFX+Video/data=!4m7!3m6!1s0x47d8a7092a447799:0xa0b7f81d1a30e2b3!8m2!3d51.5408829!4d0.0305237!16s%2Fg%2F11wbkbqfvx!19sChIJmXdEKgmn2EcRs-IwGh34t6A?authuser=0&hl=en&rclk=1","Jain marketing Vista ltd// Best Digital Marketing Agency in London UK// 3D, CGI,VFX Video",5.0,(21),Marketing agency,18 St George's Ave,+44 7508 850357,https://jainmarketingvistaltd.com/,
https://www.google.com/maps/place/Nera+Marketing/data=!4m7!3m6!1s0x4e7d95186ba33a85:0xd77ad4849b141ba9!8m2!3d51.350383!4d1.3199362!16s%2Fg%2F11y22tjdkq!19sChIJhTqjaxiVfU4RqRsUm4TUetc?authuser=0&hl=en&rclk=1,Nera Marketing,5.0,(153),Marketing agency,"Unit 73, The Laurels, Manston Business Park",+44 1843 230000,https://www.neramarketing.co.uk/,hello@neramarketing.co.uk
https://www.google.com/maps/place/Sprout+Media/data=!4m7!3m6!1s0x47d8a14a1e926557:0x6c7a39479ba2b9e2!8m2!3d51.6428921!4d0.078546!16s%2Fg%2F11c5skbv0d!19sChIJV2WSHkqh2EcR4rmim0c5emw?authuser=0&hl=en&rclk=1,Sprout Media,5.0,(35),Marketing agency,"Grangewood House, 43 Oakwood Hill Industrial Estate",+44 20 3150 2563,https://sproutmedia.co.uk/,
https://www.google.com/maps/place/The+Beauty+of+Marketing+%7C+A+Global+Leading+Beauty+Marketing+Agency/data=!4m7!3m6!1s0x487bafa203590f9b:0x5e3147abce73f19e!8m2!3d53.4792458!4d-2.2326188!16s%2Fg%2F11rc7sm2cv!19sChIJmw9ZA6Kve0gRnvFzzqtHMV4?authuser=0&hl=en&rclk=1,The Beauty of Marketing | A Global Leading Beauty Marketing Agency,5.0,(22),Marketing agency,·,+44 7464 610997,https://thebeautyofmarketing.com/,
https://www.google.com/maps/place/Cash+Cow+Marketing+Ltd/data=!4m7!3m6!1s0x48742122b0043833:0x2c08bf5b333325a5!8m2!3d51.5188962!4d-0.173369!16s%2Fg%2F12m981k7y!19sChIJMzgEsCIhdEgRpSUzM1u_CCw?authuser=0&hl=en&rclk=1,Cash Cow Marketing Ltd,4.8,(32),Marketing agency,5 Merchant Sq,+44 20 3823 8984,https://www.cashcowmarketing.co.uk/,
https://www.google.com/maps/place/We+Are+MeMo/data=!4m7!3m6!1s0x48761b0dc916f601:0xc5652c36d500efc4!8m2!3d51.5212304!4d-0.1963849!16s%2Fg%2F124t4sr40!19sChIJAfYWyQ0bdkgRxO8A1TYsZcU?authuser=0&hl=en&rclk=1,We Are MeMo,5.0,(58),Marketing agency,"Great West Studios, 65 Alfred Rd",+44 20 3301 5305,http://www.wearememo.com/?utm_source=gmb&utm_medium=organic&utm_campaign=google-my-business,hello@wearememo.com
https://www.google.com/maps/place/Envision+Circle/data=!4m7!3m6!1s0x3ae25bb7c565ff71:0xb986cbba01a06e60!8m2!3d6.9048503!4d79.851674!16s%2Fg%2F11f4_6b5fs!19sChIJcf9lxbdb4joRYG6gAbrLhrk?authuser=0&hl=en&rclk=1,Envision Circle,4.2,(14),Marketing agency,"no. 464, 2, 1 Galle Rd",0112 177 760,https://ecirc.io/,
https://www.google.com/maps/place/Target+Digital+Marketing+Ltd/data=!4m7!3m6!1s0x286bdeba95d456b7:0xbe5546c501bf35b9!8m2!3d51.5469193!4d0.0320759!16s%2Fg%2F11rscm929r!19sChIJt1bUlbreaygRuTW_AcVGVb4?authuser=0&hl=en&rclk=1,Target Digital Marketing Ltd,5.0,(32),Marketing agency,370 Romford Rd,+44 7984 991999,http://www.targetdigitalmarketing.co.uk/,
https://www.google.com/maps/place/Kyoto+Digital/data=!4m7!3m6!1s0x4879f1dd10934805:0xc89c6bdea5067f24!8m2!3d52.9220948!4d-1.4783713!16s%2Fg%2F11y60ksf8w!19sChIJBUiTEN3xeUgRJH8Gpd5rnMg?authuser=0&hl=en&rclk=1,Kyoto Digital,5.0,(12),Marketing agency,"The Old Post Office, Victoria St",+44 7468 584607,http://kyotodigital.co.uk/,simy@kyotodigital.co.uk
https://www.google.com/maps/place/Korelle+Solutions/data=!4m7!3m6!1s0x4cfbdbc1eabe5393:0xc934a3ce59533d0c!8m2!3d6.9218386!4d79.8562055!16s%2Fg%2F11mrmcpmz1!19sChIJk1O-6sHb-0wRDD1TWc6jNMk?authuser=0&hl=en&rclk=1,Korelle Solutions,5.0,(7),Marketing agency,,072 428 8324,https://korellesolutions.com/,info@korellesolutions.com
https://www.google.com/maps/place/Atomic+Digital+Marketing/data=!4m7!3m6!1s0x487bb39c9a995401:0x48831323803331db!8m2!3d53.3885208!4d-2.6004075!16s%2Fg%2F11h3dndjld!19sChIJAVSZmpyze0gR2zEzgCMTg0g?authuser=0&hl=en&rclk=1,Atomic Digital Marketing,5.0,(50),Marketing agency,·,+44 1925 500519,https://atomicdigitalmarketing.co.uk/,contact@atomicdigitalmarketing.co.uk
https://www.google.com/maps/place/Amax+Marketing/data=!4m7!3m6!1s0x2526a72a09e18767:0xcccbfe9cb29540e8!8m2!3d51.5806146!4d-0.3481318!16s%2Fg%2F11t608z7z_!19sChIJZ4fhCSqnJiUR6ECVspz-y8w?authuser=0&hl=en&rclk=1,Amax Marketing,5.0,(28),Marketing agency,"Amax House, Unit B1B, Neptune Rd",+44 20 8515 7980,https://www.amaxmarketing.co.uk/,marketing@amax.co.uk
"https://www.google.com/maps/place/Wedoadz+-Free+Classified+Ads+USA,UK,India/data=!4m7!3m6!1s0x3ae317b446828f15:0x23b0ce30983ef015!8m2!3d7.2606185!4d80.3525741!16s%2Fg%2F11jdljlggg!19sChIJFY-CRrQX4zoRFfA-mDDOsCM?authuser=0&hl=en&rclk=1","Wedoadz -Free Classified Ads USA,UK,India",5.0,(3),Internet marketing service,Swarna Jayanthi Road,071 198 9191,https://www.wedoadz.com/,
https://www.google.com/maps/place/Supercharged+Media+Ltd/data=!4m7!3m6!1s0x4870cf3f432a80bd:0x9db1fbc15767d944!8m2!3d52.1873764!4d-1.7198439!16s%2Fg%2F11qscjrn_y!19sChIJvYAqQz_PcEgRRNlnV8H7sZ0?authuser=0&hl=en&rclk=1,Supercharged Media Ltd,5.0,(68),Marketing agency,189 Evesham Rd,+44 7531 353479,https://www.superchargedmedia.co.uk/,tom@superchargedmedia.co.uk
https://www.google.com/maps/place/360+Digi+Marketing+LTD+-+Digital+Marketing+Agency+UK/data=!4m7!3m6!1s0x487605193d4ef1ef:0x174c27fc4bf2cae6!8m2!3d51.4923168!4d-0.1259315!16s%2Fg%2F11q1j_qtcj!19sChIJ7_FOPRkFdkgR5sryS_wnTBc?authuser=0&hl=en&rclk=1,360 Digi Marketing LTD - Digital Marketing Agency UK,4.6,(11),Marketing agency,"11th Floor, Millbank Tower, 21 24",+44 7930 505426,https://www.360digimarketing.co.uk/,
https://www.google.com/maps/place/No+Name+Digital/data=!4m7!3m6!1s0x811b209c4790e11b:0x202cb27c64ccd7d1!8m2!3d51.6142384!4d-0.1756205!16s%2Fg%2F11s7lyst95!19sChIJG-GQR5wgG4ER0dfMZHyyLCA?authuser=0&hl=en&rclk=1,No Name Digital,5.0,(20),Marketing agency,5 Castle Mews,+44 20 3996 1234,https://nonamedigital.co.uk/,info@nonamedigital.co.uk
https://www.google.com/maps/place/Giraffe+Digital/data=!4m7!3m6!1s0x4877ab2216d6453f:0xffbd0bf33fb811f9!8m2!3d52.0414953!4d-0.7649082!16s%2Fg%2F11cnt98xmb!19sChIJP0XWFiKrd0gR-RG4P_MLvf8?authuser=0&hl=en&rclk=1,Giraffe Digital,5.0,(123),Marketing agency,·,+44 1908 044348,https://giraffe.digital/,careers@giraffe.digital; hi@giraffe.digital
https://www.google.com/maps/place/Observer+Jobs/data=!4m7!3m6!1s0x3ae259239d25abd7:0xb104240e1f18a09d!8m2!3d6.9326396!4d79.8470723!16s%2Fg%2F11dyqswnnl!19sChIJ16slnSNZ4joRnaAYHw4kBLE?authuser=0&hl=en&rclk=1,Observer Jobs,4.0,(8),Advertising agency,35 McCallum Rd,0112 429 315,http://www.observerjobs.lk/,
https://www.google.com/maps/place/Hallam/data=!4m7!3m6!1s0x4879c22aad599c91:0xd6907bdb59ce4a19!8m2!3d52.9561329!4d-1.1547932!16s%2Fg%2F11r96d1z2!19sChIJkZxZrSrCeUgRGUrOWdt7kNY?authuser=0&hl=en&rclk=1,Hallam,4.9,(72),Marketing agency,·,+44 115 948 0123,https://hallam.agency/,
https://www.google.com/maps/place/Oxford+Marketing+Company/data=!4m7!3m6!1s0x4876c71f24eb1d33:0xff7b6ec38a59375b!8m2!3d51.752929!4d-1.2586132!16s%2Fg%2F11tn6bzc7g!19sChIJMx3rJB_HdkgRWzdZisNue_8?authuser=0&hl=en&rclk=1,Oxford Marketing Company,5.0,(28),Marketing agency,"2nd Floor, Clarendon House, 52 Cornmarket St",+44 1865 575800,https://oxfordmarketingcompany.co.uk/?utm_source=google&utm_medium=organic&utm_campaign=gmb-profile,
https://www.google.com/maps/place/Clever+Marketing/data=!4m7!3m6!1s0x48742b310c36734f:0x95bb35bc57cc0452!8m2!3d51.3265053!4d-0.7615887!16s%2Fg%2F1tpc7f7t!19sChIJT3M2DDErdEgRUgTMV7w1u5U?authuser=0&hl=en&rclk=1,Clever Marketing,4.8,(45),Marketing agency,"Building B, Watchmoor Park, Surrey",+44 1276 402381,https://www.clevermarketing.co.uk/,
https://www.google.com/maps/place/Trio+Media/data=!4m7!3m6!1s0x48795c127693ab11:0x897c9fd3e07f3264!8m2!3d53.8281039!4d-1.5376296!16s%2Fg%2F11fz9y44ck!19sChIJEauTdhJceUgRZDJ_4NOffIk?authuser=0&hl=en&rclk=1,Trio Media,4.9,(41),Marketing agency,"Regents Court, Harrogate Rd",+44 113 733 2020,https://trio-media.co.uk/,info@trio-media.co.uk
https://www.google.com/maps/place/Digital+Media+Team/data=!4m7!3m6!1s0x487bb15972a62ca9:0xa810437ad7bcd446!8m2!3d53.4788877!4d-2.253992!16s%2Fg%2F11j0w9g28w!19sChIJqSymclmxe0gRRtS813pDEKg?authuser=0&hl=en&rclk=1,Digital Media Team,4.8,(33),Marketing agency,"Ground Floor, Bauhaus, 27 Quay St",+44 800 808 9980,https://www.digitalmediateam.co.uk/,joinus@digitalmediateam.co.uk
https://www.google.com/maps/place/Driven+By+Digital+%7C+Digital+Marketing+Agency/data=!4m7!3m6!1s0x48795d8b31c1bc87:0x1aa1d3b6e958985!8m2!3d54.9723697!4d-1.6234297!16s%2Fg%2F11jghp70zd!19sChIJh7zBMYtdeUgRhYmVbjsdqgE?authuser=0&hl=en&rclk=1,Driven By Digital | Digital Marketing Agency,5.0,(35),Marketing agency,"Helix, The Core, Bath Ln",+44 191 205 8569,http://www.drivenbydigital.co.uk/,info@drivenbydigital.co.uk
https://www.google.com/maps/place/Air+Social/data=!4m7!3m6!1s0x4875d09655003aa1:0x9a78e170e8d24b2e!8m2!3d51.2379652!4d-0.5749102!16s%2Fg%2F1tmpj_38!19sChIJoToAVZbQdUgRLkvS6HDheJo?authuser=0&hl=en&rclk=1,Air Social,5.0,(65),Marketing agency,"Leapale House, Leapale Ln",+44 1483 789434,https://airsocial.co.uk/,
https://www.google.com/maps/place/MIRA+Marketing/data=!4m7!3m6!1s0x487e71ef426656ef:0xfae34c31c9baa410!8m2!3d54.9660776!4d-1.5737138!16s%2Fg%2F11h616_djp!19sChIJ71ZmQu9xfkgREKS6yTFM4_o?authuser=0&hl=en&rclk=1,MIRA Marketing,4.9,(24),Marketing agency,Unit 3 St Peter's Wharf,+44 191 435 4626,https://www.miramarketing.co.uk/,hello@miramarketing.co.uk
https://www.google.com/maps/place/Visionary+Marketing+%7C+Digital+Marketing+Agency/data=!4m7!3m6!1s0x487e71b2d01a8d33:0x3a77f4affb77d6b9!8m2!3d54.9687441!4d-1.622089!16s%2Fg%2F11sd28kprx!19sChIJM40a0LJxfkgRudZ3-6_0dzo?authuser=0&hl=en&rclk=1,Visionary Marketing | Digital Marketing Agency,5.0,(52),Marketing agency,"City Quadrant, 11 Waterloo St",+44 191 607 6707,https://visionary-marketing.co.uk/,chris@visionary-marketing.co.uk
https://www.google.com/maps/place/Groove+Marketing/data=!4m7!3m6!1s0x48763b1a8c82bac1:0x119de570f0fbb476!8m2!3d51.801455!4d-0.197176!16s%2Fg%2F11l31rzw1k!19sChIJwbqCjBo7dkgRdrT78HDlnRE?authuser=0&hl=en&rclk=1,Groove Marketing,5.0,(20),Marketing agency,26 Bridge Rd E,+44 1707 502705,https://www.groovemarketing.co.uk/,hello@groovemarketing.co.uk
"https://www.google.com/maps/place/Target+%7C+eCommerce+Marketing+Agency,+London/data=!4m7!3m6!1s0x4876056c959ebeb1:0xfd4cd5d0c69bf9a9!8m2!3d51.5025697!4d-0.1084818!16s%2Fg%2F11p0686jwl!19sChIJsb6elWwFdkgRqfmbxtDVTP0?authuser=0&hl=en&rclk=1","Target | eCommerce Marketing Agency, London",5.0,(10),Marketing agency,81 The Cut,+44 20 4505 4650,https://talktotarget.co.uk/,
https://www.google.com/maps/place/Purple+Marketing/data=!4m7!3m6!1s0x487622a44893f287:0xca091a332e5f2f6d!8m2!3d51.6901368!4d-0.1729528!16s%2Fg%2F1tfhfxny!19sChIJh_KTSKQidkgRbS9fLjMaCco?authuser=0&hl=en&rclk=1,Purple Marketing,5.0,(62),Marketing agency,9 Oakmere Ave,+44 1707 852626,http://www.purple-marketing.net/,jem@purple-marketing.net
https://www.google.com/maps/place/Squarestar+Digital/data=!4m7!3m6!1s0x47d905b4c53d3289:0x1fc55baca5ae6352!8m2!3d51.9300874!4d0.9133418!16s%2Fg%2F11cn6dd85y!19sChIJiTI9xbQF2UcRUmOupaxbxR8?authuser=0&hl=en&rclk=1,Squarestar Digital,4.9,(77),Marketing agency,"Runkins Farm Offices Runkins Farm, Langham Ln",+44 1206 890945,https://squarestardigital.com/,
https://www.google.com/maps/place/Midas+Media+UK/data=!4m7!3m6!1s0x4879f1be52847c7f:0xe5b77602f870b82b!8m2!3d52.9264787!4d-1.4882087!16s%2Fg%2F11sc29fp1t!19sChIJf3yEUr7xeUgRK7hw-AJ2t-U?authuser=0&hl=en&rclk=1,Midas Media UK,4.9,(12),Marketing agency,"Midas Media UK, Enterprise Centre, Bridge St",+44 345 163 2136,https://www.midasmedia.uk/,hello@midasmedia.uk
https://www.google.com/maps/place/Suri+Marketing/data=!4m7!3m6!1s0x4870bd91936b2bfd:0xa5c1b19eedebeaad!8m2!3d52.3984174!4d-1.8080545!16s%2Fg%2F11t7zgmvdn!19sChIJ_Strk5G9cEgRrerr7Z6xwaU?authuser=0&hl=en&rclk=1,Suri Marketing,5.0,(116),Marketing agency,"Suite 40, Highlands Rd",+44 330 043 5916,http://surimarketing.co.uk/,
https://www.google.com/maps/place/Finsbury+Media/data=!4m7!3m6!1s0x4879c1fcee58a60d:0x9506bff718af0de2!8m2!3d52.9508077!4d-1.1427936!16s%2Fg%2F11cnbq699p!19sChIJDaZY7vzBeUgR4g2vGPe_BpU?authuser=0&hl=en&rclk=1,Finsbury Media,4.7,(91),Marketing agency,Commerce Square,+44 808 164 0930,https://finsburymedia.com/,info@finsburymedia.com
https://www.google.com/maps/place/Finsbury+Media/data=!4m7!3m6!1s0x4879c1fcee58a60d:0x9506bff718af0de2!8m2!3d52.9508077!4d-1.1427936!16s%2Fg%2F11cnbq699p!19sChIJDaZY7vzBeUgR4g2vGPe_BpU?authuser=0&hl=en&rclk=1,Finsbury Media,4.7,(91),Marketing agency,Commerce Square,+44 808 164 0930,https://finsburymedia.com/,info@finsburymedia.com
https://www.google.com/maps/place/Digital+D/data=!4m7!3m6!1s0x48709b6bde591e19:0x552f8750a70cd89!8m2!3d52.5542149!4d-2.1163744!16s%2Fg%2F11hzr1597n!19sChIJGR5Z3mubcEgRic1wCnX4UgU?authuser=0&hl=en&rclk=1,Digital D,5.0,(12),Marketing agency,63 Grosvenor Rd,+44 7368 305655,https://www.digital-d.co.uk/,info@digital-d.co.uk
https://www.google.com/maps/place/Ketchup+Marketing+Ltd/data=!4m7!3m6!1s0x4879c19ee24027ed:0xd3779ca92636f630!8m2!3d52.954626!4d-1.1372235!16s%2Fg%2F11rp34w02j!19sChIJ7SdA4p7BeUgRMPY2Jqmcd9M?authuser=0&hl=en&rclk=1,Ketchup Marketing Ltd,4.9,(42),Marketing agency,"Ketchup Marketing, 20 Bath St",+44 115 671 3868,https://www.ketchup-marketing.co.uk/?utm_source=gmb_listing_notts&utm_medium=organic,
https://www.google.com/maps/place/Blue+Market+Media/data=!4m7!3m6!1s0x47decba37ef40f29:0x10a5405e93f10a94!8m2!3d51.5404643!4d-0.0855472!16s%2Fg%2F11f158vd02!19sChIJKQ_0fqPL3kcRlArxk15ApRA?authuser=0&hl=en&rclk=1,Blue Market Media,4.6,(49),Marketing agency,"Low Tide House, 75D Southgate Rd",+44 20 3538 9753,https://www.bluemarketmedia.co.uk/,info@bluemarketmedia.co.uk; press@bluemarketmedia.co.uk; recruitment@bluemarketmedia.co.uk
https://www.google.com/maps/place/Found+%7C+Digital+Marketing+Agency+London/data=!4m7!3m6!1s0x48761b524aaded3d:0x759704da5b631b3d!8m2!3d51.520104!4d-0.108677!16s%2Fg%2F1tfgcqq7!19sChIJPe2tSlIbdkgRPRtjW9oEl3U?authuser=0&hl=en&rclk=1,Found | Digital Marketing Agency London,4.8,(12),Internet marketing service,·,+44 20 7653 6709,https://www.found.co.uk/?utm_source=local&utm_medium=organic&utm_campaign=gmb,info@found.co.uk; partnerships@found.co.uk
https://www.google.com/maps/place/Delivered+Social/data=!4m7!3m6!1s0x4875d09ef7f072c3:0x4ea4ca2491df9ff7!8m2!3d51.2345666!4d-0.5749994!16s%2Fg%2F11dynnqggt!19sChIJw3Lw957QdUgR95_fkSTKpE4?authuser=0&hl=en&rclk=1,Delivered Social,4.9,(278),Marketing agency,"St Marys Terrace, 5 to 7, Mill Ln",+44 1483 608303,https://deliveredsocial.com/,
https://www.google.com/maps/place/LOCALiQ/data=!4m7!3m6!1s0x48761b17df10e97f:0xef69e597f0d24bee!8m2!3d51.5155598!4d-0.1183408!16s%2Fg%2F11g_z432b_!19sChIJf-kQ3xcbdkgR7kvS8Jflae8?authuser=0&hl=en&rclk=1,LOCALiQ,4.9,(103),Marketing agency,"4th Floor Queens House, 55/56 Lincoln's Inn Fields",+44 20 3092 1471,http://www.localiq.co.uk/?UTM_Source=GMB_listing&UTM_medium=organic,
https://www.google.com/maps/place/Lightbulb+Media/data=!4m7!3m6!1s0x487ba72aac542567:0xc3261c0190f9fc1a!8m2!3d53.4778465!4d-2.2557417!16s%2Fg%2F11fg60d_73!19sChIJZyVUrCqne0gRGvz5kAEcJsM?authuser=0&hl=en&rclk=1,Lightbulb Media,5.0,(89),Marketing agency,"Bonded Warehouse, 18 Lower Byrom St",+44 161 399 0326,https://lightbulbmedia.co.uk/,
https://www.google.com/maps/place/London/data=!4m6!3m5!1s0x644025b20e6465b1:0xae2b9130602f9e9a!8m1!3d45.0503999!16s%2Fg%2F11vwf2rnvy!19sChIJsWVkDrIlQGQRmp4vYDCRK64?authuser=0&hl=en&rclk=1,London,4.6,(14),Marketing agency,,+44 7742 413659,https://www.aiadmarketing.com/?utm_source=google&utm_medium=wix_google_business_profile&utm_campaign=2750300765152112866,
https://www.google.com/maps/place/Bee+Social+Marketing/data=!4m7!3m6!1s0x487953fca1cc8c7f:0x99d3723ce4b5408!8m2!3d53.7971443!4d-1.550743!16s%2Fg%2F1q6cf373q!19sChIJf4zMofxTeUgRCFRLziM3nQk?authuser=0&hl=en&rclk=1,Bee Social Marketing,4.9,(36),Internet marketing service,·,+44 333 344 4424,http://beesocialmarketing.co.uk/,
https://www.google.com/maps/place/Repeat+Digital/data=!4m7!3m6!1s0x4879ef4d0d3e0a65:0x30f50e258d5064fd!8m2!3d52.8862171!4d-1.2869306!16s%2Fg%2F11g9dvdqgb!19sChIJZQo-DU3veUgR_WRQjSUO9TA?authuser=0&hl=en&rclk=1,Repeat Digital,4.9,(41),Marketing agency,·,+44 115 718 0450,https://www.repeatdigital.com/?utm_source=GMB&utm_medium=organic&utm_campaign=GMBWebsiteLink,
https://www.google.com/maps/place/Beyond+Your+Brand+Ltd/data=!4m7!3m6!1s0x4876d3f17a455175:0xa9a2acfeca6d8f4!8m2!3d51.7943926!4d-1.4779557!16s%2Fg%2F11gs5dvrg5!19sChIJdVFFevHTdkgR9Nim7M8qmgo?authuser=0&hl=en&rclk=1,Beyond Your Brand Ltd,5.0,(63),Marketing agency,"Hexagon Business Centre, Elmfield House, New Yatt Rd",+44 1993 835432,https://www.beyondyourbrand.co.uk/?utm_source=google&utm_medium=organic&utm_campaign=gmb&utm_content=website-button,
https://www.google.com/maps/place/Mr+Digital/data=!4m7!3m6!1s0x487427f14bdb551f:0x8fcb3069be9b3873!8m2!3d50.833907!4d-0.0901737!16s%2Fg%2F11fm59n_t2!19sChIJH1XbS_EndEgRczibvmkwy48?authuser=0&hl=en&rclk=1,Mr Digital,4.7,(48),Marketing agency,3 Warren Cl,+44 1273 942329,https://www.mr-digital.co.uk/,
https://www.google.com/maps/place/Cheshire+Cat+Marketing/data=!4m7!3m6!1s0x487af9b0e5e483d3:0x133e3f1699965ca9!8m2!3d55.8413895!4d11.0718838!16s%2Fg%2F11g6b0ns1c!19sChIJ04Pk5bD5ekgRqVyWmRY_PhM?authuser=0&hl=en&rclk=1,Cheshire Cat Marketing,5.0,(38),Marketing agency,,+44 1606 251036,https://www.cheshirecatmarketing.co.uk/,
https://www.google.com/maps/place/Estate+Agency+Marketing/data=!4m7!3m6!1s0x4875d7d2e55371db:0x726c6fe383e626b6!8m2!3d51.2967866!4d-0.5546257!16s%2Fg%2F11fq4hdjb9!19sChIJ23FT5dLXdUgRtibmg-NvbHI?authuser=0&hl=en&rclk=1,Estate Agency Marketing,5.0,(44),Marketing agency,49 Reed St,+44 20 4511 2505,https://estateagency.marketing/,paul@estateagency.marketing
https://www.google.com/maps/place/Prohibition+PR/data=!4m7!3m6!1s0x487953ecf01fe7bd:0xbbb7bceab5343466!8m2!3d53.7929863!4d-1.5447922!16s%2Fg%2F1hc1tm05p!19sChIJvecf8OxTeUgRZjQ0teq8t7s?authuser=0&hl=en&rclk=1,Prohibition PR,5.0,(221),Public relations firm,"Victoria Wharf, Unit 4 Sovereign St",+44 113 430 4160,https://prohibitionpr.co.uk/,info@prohibitionpr.co.uk
https://www.google.com/maps/place/Cotswold+Marketing+Agency/data=!4m7!3m6!1s0x4876cc471bb65353:0xf5430b71dc23c67f!8m2!3d51.7870311!4d-1.4689951!16s%2Fg%2F11gbzch9c3!19sChIJU1O2G0fMdkgRf8Yj3HELQ_U?authuser=0&hl=en&rclk=1,Cotswold Marketing Agency,4.6,(11),Marketing agency,31 Oxford Hill,+44 7833 601558,http://www.cotswoldmarketingagency.com/,
https://www.google.com/maps/place/Small+City+Marketing/data=!4m7!3m6!1s0x849b6cb0c18eb3dd:0x881f0026ab46b87!8m2!3d54.0680704!4d-2.7751404!16s%2Fg%2F11kqfd_361!19sChIJ3bOOwbBsm4QRh2u0agLwgQg?authuser=0&hl=en&rclk=1,Small City Marketing,5.0,(38),Marketing agency,,+44 7516 659596,http://www.smallcitymarketing.com/,
https://www.google.com/maps/place/MiM+Marketing+Agency/data=!4m7!3m6!1s0x48767e2a7e6d297f:0x97080d5f204d8715!8m2!3d51.3935032!4d-0.6283945!16s%2Fg%2F11cjjbgh_c!19sChIJfyltfip-dkgRFYdNIF8NCJc?authuser=0&hl=en&rclk=1,MiM Marketing Agency,4.8,(12),Marketing agency,New Boundary House,+44 1344 508085,https://www.mim-agency.co.uk/,info@mim-agency.co.uk
https://www.google.com/maps/place/Fome+Agency+%7C+Web+Design+%26+Digital+Marketing/data=!4m7!3m6!1s0x48761f49b44541a3:0x10a7ed5fb8b71fa9!8m2!3d51.6638205!4d-0.0858307!16s%2Fg%2F11b6d7hbk4!19sChIJo0FFtEkfdkgRqR-3uF_tpxA?authuser=0&hl=en&rclk=1,Fome Agency | Web Design & Digital Marketing,5.0,(44),Internet marketing service,"Suite G, 196A Lancaster Rd",,https://www.fome.agency/,
