place_id,business_name,rating,reviews,category,address,whatsapp_number,website,email,instagram,twitter
,MarketKing - Digital Marketing Agency,,United States,marketing & advertising,"332 South Michigan Avenue, Chicago, Illinois, United States, 60604",,http://www.marketking.us,,https://www.instagram.com/marketking.us/,https://x.com/MarketKing_Us/
,Forthea - Digital Marketing Agency,7311,United States,marketing & advertising,"2727 Allen Parkway, Houston, Texas, United States, 77019",7900000,http://www.forthea.com,,https://www.instagram.com/forthea/,https://x.com/forthea/
,Indigo Marketing | Digital Marketing Agency in USA,7375,United States,marketing & advertising,"85-19 65th Dr, New York, New York, United States, 11374",,http://www.indigomarketing.io,,,https://x.com/indicartshop/
,Anchor Wave Digital Marketing Agency,7375,United States,marketing & advertising,"7400 N Oracle Rd, Tucson, Arizona, United States, 85704-6307",3200000,http://www.anchorwave.com,,https://www.instagram.com/anchorwave/,https://x.com/anchorwave/
,"efelle creative, digital marketing agency",7371,United States,marketing & advertising,"901 5th Ave, Seattle, Washington, United States, 98104",4420000,http://www.seattlewebdesign.com,,,
,Webolutions Digital Marketing Agency,7375,United States,marketing & advertising,"6300 South Syracuse Way, Englewood, Colorado, United States, 80111",5687000,http://www.webolutionsmarketingagency.com,,,
,"Agency Jet - Digital Marketing Company, AI / SEO Marketing, Pay Per Click  & Website Development",7375,United States,marketing & advertising,"4100 W Flamingo Rd, Las Vegas, Nevada, United States, 89103",,http://www.agencyjet.com,,,
,FANNIT | Digital Marketing Agency Seattle,7375,United States,marketing & advertising,"2911 Hewitt Avenue, Everett, Washington, United States, 98201",10000000,http://www.fannit.com,,,https://x.com/intent/
,Digital Marketing Agile INC ( Local SEO Company | Social Media Marketing Agency | Web Design Agency),7371,United States,marketing & advertising,"1561 N Central Ave, Valley Stream, New York, United States, 11580-1135",,http://www.digitalmarketingagileinc.com,support@digitalmarketingagileinc.com,https://www.instagram.com/digitalmarketingagile/,
,Digital Marketing Agency LLC,7375,United States,marketing & advertising,"85-11 159th St, New York, New York, United States, 11432",,http://www.digitalmarketingagencyllc.com,contact@digitalmarketingagencyllc.com; sales@digitalmarketingagencyllc.com,https://www.instagram.com/digital_marketing_agency_llc/,https://x.com/dmallcus/
,TechXa - Digital Marketing Agency,7375,United States,marketing & advertising,"Los Angeles, California, United States",,http://www.techxa.org,,,
,DoneRightly Digital Marketing Agency,,United States,marketing & advertising,"Oakbrook Terrace, Illinois, United States",,http://www.donerightly.com,,,
,Andava Digital Marketing Agency,7371,United States,marketing & advertising,"201 N Brand Blvd, Glendale, California, United States, 91203",565000,http://www.andava.com,,https://www.instagram.com/andavadigital/,
,Stream Creative — Milwaukee Branding & Digital Marketing Agency,7311,United States,marketing & advertising,"13555 Bishops Court, Brookfield, Wisconsin, United States, 53005",3800000,http://www.streamcreative.com,,https://www.instagram.com/streamcreative/,https://x.com/streamcreative/
,Digital Marketing Agency,7375,United States,marketing & advertising,"2645 Executive Park Dr, Weston, Florida, United States, 33331",,http://www.performancebasedllc.com,marketing@performancebasedllc.com,,
,Comrade Digital Marketing Agency,7375,United States,marketing & advertising,"332 S Michigan Ave, Chicago, Illinois, United States, 60604-4209",11484000,http://www.comradeweb.com,,,
,Collman Digital Marketing Agency,7375,United States,marketing & advertising,"3000 NW 48th Ter, Lauderdale Lakes, Florida, United States, 33313-7228",,http://www.collmandigitalmarketing.com,,https://www.instagram.com/collmandigitalmarketing/,https://x.com/collmandigital/
,MA Digital Marketing Agency,7311,United States,marketing & advertising,"14 Miner St, Greenfield, Massachusetts, United States, 01301-2106",,http://www.maads.agency,info@maads.agency,https://www.instagram.com/maagency.lb/,
,ICONIER Digital Marketing Agency,7375,United States,marketing & advertising,"5383 Bethel Ln, Las Vegas, Nevada, United States, 89119-1136",,http://www.iconier.com,,https://www.instagram.com/iconieragency/,https://x.com/iconieragency/
,Digital Aptitude Marketing Agency,,United States,marketing & advertising,"735 SW 20th Pl, Portland, Oregon, United States, 97205",,,,,
,IT Ki Dunya Private Ltd.  Digital Marketing Agency,,United States,marketing & advertising,"2300 N Lincoln Memorial Dr, Milwaukee, Wisconsin, United States, 53211",,http://www.itkidunya.com,,,
,Logic Solutions | Direct Response Digital Marketing Agency,7389,United States,marketing & advertising,"4283 Express Ln, Sarasota, Florida, United States, 34249-2602",,http://www.logicsolutions.ltd,,,
,KWSM: a digital marketing agency,8742,United States,marketing & advertising,"6 Journey, Aliso Viejo, California, United States, 92656",8121000,http://www.kwsmdigital.com,info@kwsmdigital.com,https://www.instagram.com/KWSMTeam/,
,SpringHive Web Design & Digital Marketing Agency,7375,United States,marketing & advertising,"Sacramento, California, United States",,http://www.springhive.co,,,
,Attrock - Digital Marketing Agency,7375,United States,marketing & advertising,"Florida, United States",,http://www.attrock.com,,https://www.instagram.com/marketingwithgaurav/,https://x.com/attrockofficial/
