place_id,business_name,rating,reviews,category,address,whatsapp_number,website,email
"https://www.google.com/maps/place/Pure+Marketing+-+SEO,+PPC+%26+Web+Design+Birmingham/data=!4m7!3m6!1s0x4870bcf6b0ef4587:0x4e6ed14754479c18!8m2!3d52.4854765!4d-1.9045499!16s%2Fg%2F11gh_2xnw7!19sChIJh0XvsPa8cEgRGJxHVEfRbk4?authuser=0&hl=en&rclk=1","Pure Marketing - SEO, PPC & Web Design Birmingham",5.0,(58),Marketing agency,·,+44 121 573 0233,https://puremarketing.uk/,info@puremarketing.uk
https://www.google.com/maps/place/Creative+Ideaz:+Digital+Marketing+Agency/data=!4m7!3m6!1s0x48709b137939a555:0x1f564338020b6f86!8m2!3d52.4766751!4d-1.9129916!16s%2Fg%2F1tgw4g92!19sChIJVaU5eRObcEgRhm8LAjhDVh8?authuser=0&hl=en&rclk=1,Creative Ideaz: Digital Marketing Agency,5.0,(30),Marketing agency,10 Brindley Pl,+44 121 285 0714,http://www.creativeideaz.co.uk/,
https://www.google.com/maps/place/RiseUp+Agency+%28formerly+Global+Search+Marketing%29/data=!4m7!3m6!1s0x4870bc8e5abcca49:0x72092695d065dd13!8m2!3d52.4784581!4d-1.9061914!16s%2Fg%2F11b6cpx2b3!19sChIJScq8Wo68cEgRE91l0JUmCXI?authuser=0&hl=en&rclk=1,RiseUp Agency (formerly Global Search Marketing),4.9,(28),Marketing agency,·,+44 121 514 2291,https://riseup.agency/,
https://www.google.com/maps/place/London+Marketing+Company+-+Marketing+%7C+Web+Design+%7C+SEO+Agency+London/data=!4m7!3m6!1s0x487605af3b58db85:0x19c76936cd6df93b!8m2!3d51.5099078!4d-0.1452095!16s%2Fg%2F11s7fw7p3s!19sChIJhdtYO68FdkgRO_ltzTZpxxk?authuser=0&hl=en&rclk=1,London Marketing Company - Marketing | Web Design | SEO Agency London,5.0,(98),Marketing agency,"Berkeley Square House, Berkeley Square",+44 20 3369 5050,https://londonmarketingcompany.co.uk/?utm_source=google&utm_medium=organic&utm_campaign=gmb-profile,
https://www.google.com/maps/place/Smart+Digital+Marketing+Agency/data=!4m7!3m6!1s0x4870bbb5d3d4c9b5:0xd56cfe1387a19ab0!8m2!3d52.4550276!4d-1.8667601!16s%2Fg%2F11sj5_k7ls!19sChIJtcnU07W7cEgRsJqhhxP-bNU?authuser=0&hl=en&rclk=1,Smart Digital Marketing Agency,5.0,(5),Marketing agency,29 Inglewood Rd,+44 7476 835182,https://www.smartdigitalmarketingagency.co.uk/,info@smartdigitalmarketingagency.co.uk
https://www.google.com/maps/place/The+Agency+Brand+Consultancy/data=!4m7!3m6!1s0x4870bc81cadde561:0xaceda2bb8bbcd1f5!8m2!3d52.4854765!4d-1.9045499!16s%2Fg%2F1trcfwdc!19sChIJYeXdyoG8cEgR9dG8i7ui7aw?authuser=0&hl=en&rclk=1,The Agency Brand Consultancy,5.0,(10),Marketing agency,"The Agency Brand Consultancy, Grosvenor House, 11 St Paul's Square",+44 121 224 8300,https://www.wearetheagency.co.uk/,hello@wearetheagency.co.uk
https://www.google.com/maps/place/Marketing+digital/data=!4m7!3m6!1s0x487bc71857a28cad:0xe1b10fb4ac0ad737!8m2!3d28.1847226!4d-105.4624398!16s%2Fg%2F11j1l8qzpw!19sChIJrYyiVxjHe0gRN9cKrLQPseE?authuser=0&hl=en&rclk=1,Marketing digital,,,Marketing agency,,+44 7541 622407,,
https://www.google.com/maps/place/Digital+Marketing+Agency+London/data=!4m7!3m6!1s0x487605359f9d33c3:0x29be7e6f39d82c55!8m2!3d51.5111019!4d-0.1868485!16s%2Fg%2F11tfq62mzg!19sChIJwzOdnzUFdkgRVSzYOW9-vik?authuser=0&hl=en&rclk=1,Digital Marketing Agency London,5.0,(3),Marketing agency,26 Queensway,+44 20 8058 0446,https://digitalmarketing-agency.uk/,
https://www.google.com/maps/place/Dream+Digital+Agency/data=!4m7!3m6!1s0x2ac6c5a11580c909:0x143fc1c2f9ee956e!8m2!3d51.5272357!4d-0.0886604!16s%2Fg%2F11pd_pyccd!19sChIJCcmAFaHFxioRbpXu-cLBPxQ?authuser=0&hl=en&rclk=1,Dream Digital Agency,4.9,(28),Marketing agency,128 City Rd,+44 800 043 8894,https://dreamdigital.agency/,
https://www.google.com/maps/place/EDGE+Creative/data=!4m7!3m6!1s0x4870a506f3fd083d:0xbd4ac0c0228960e3!8m2!3d52.5568612!4d-1.8260519!16s%2Fg%2F1tghcl4s!19sChIJPQj98walcEgR42CJIsDASr0?authuser=0&hl=en&rclk=1,EDGE Creative,4.9,(187),Marketing agency,23 Maney Cor,+44 121 355 8092,https://edge-creative.com/,info@edge-creative.com
https://www.google.com/maps/place/Bristol+Marketing+Company/data=!4m7!3m6!1s0x4871f37b06c6eaad:0xccd12cfbb01b90f3!8m2!3d51.4541345!4d-2.6175628!16s%2Fg%2F11jghjblrj!19sChIJrerGBnvzcUgR85AbsPss0cw?authuser=0&hl=en&rclk=1,Bristol Marketing Company,5.0,(62),Marketing agency,10-11 Saville Pl,+44 117 369 5050,https://bristolmarketingcompany.co.uk/?utm_source=google&utm_medium=organic&utm_campaign=gmb-profile,info@bristolmarketingcompany.co.uk
https://www.google.com/maps/place/Distribute+Digital/data=!4m7!3m6!1s0x4870cf1f614659db:0xbc461197ee1b5b3a!8m2!3d52.4854427!4d-1.9045876!16s%2Fg%2F11hzn5547r!19sChIJ21lGYR_PcEgROlsb7pcRRrw?authuser=0&hl=en&rclk=1,Distribute Digital,5.0,(85),Marketing agency,"Grosvenor House, 11 St Paul's Square",+44 121 318 6796,https://distributedigital.co.uk/?utm_source=GMB&utm_medium=organic&utm_campaign=birmingham,
https://www.google.com/maps/place/E-Marketing+Agency/data=!4m7!3m6!1s0x3e878909116da9:0x9fc48bf2513a14a!8m2!3d53.8314342!4d-1.4376202!16s%2Fg%2F11y6b3gq1q!19sChIJqW0RCYmHPgARSqETJb9I_Ak?authuser=0&hl=en&rclk=1,E-Marketing Agency,5.0,(41),Marketing agency,"1.8, Morwick Hall, York Rd",+44 7811 983866,https://www.e-marketingagency.co.uk/,
https://www.google.com/maps/place/Digital+Glue/data=!4m7!3m6!1s0x4870bc217c34d18b:0x30306437b3a194e7!8m2!3d52.4766751!4d-1.9129916!16s%2Fg%2F11b6dhpjz8!19sChIJi9E0fCG8cEgR55ShszdkMDA?authuser=0&hl=en&rclk=1,Digital Glue,4.8,(24),Marketing agency,·,+44 121 828 9279,https://digitalglue.agency/,
https://www.google.com/maps/place/UK+Digital+Marketing/data=!4m7!3m6!1s0x4871f52923fef587:0x7cc263ea7f2c339f!8m2!3d51.4952937!4d-2.6185671!16s%2Fg%2F11flfmrk_1!19sChIJh_X-Iyn1cUgRnzMsf-pjwnw?authuser=0&hl=en&rclk=1,UK Digital Marketing,4.8,(69),Marketing agency,Trym Lodge 1 Henbury Lodge,+44 117 909 9253,https://www.ukdigitalmarketing.co.uk/,
https://www.google.com/maps/place/Republic+Marketing/data=!4m7!3m6!1s0x4870bd112fa051e3:0x4845bc8fe11322fe!8m2!3d52.4766967!4d-1.9129565!16s%2Fg%2F11k03grmqb!19sChIJ41GgLxG9cEgR_iIT4Y-8RUg?authuser=0&hl=en&rclk=1,Republic Marketing,5.0,(33),Marketing agency,"Spacemade, 10 Brindley Pl",+44 121 517 0544,http://www.republicmarketing.co.uk/,
https://www.google.com/maps/place/Little+Media+Agency/data=!4m7!3m6!1s0x4870bd0eccd04fe5:0xdb77f71946dffabf!8m2!3d52.4785562!4d-1.9062129!16s%2Fg%2F11bzz0cpwc!19sChIJ5U_QzA69cEgRv_rfRhn3d9s?authuser=0&hl=en&rclk=1,Little Media Agency,5.0,(32),Marketing agency,"Alpha Works, Alpha Tower, Suffolk Street Queensway",+44 121 794 8123,http://www.littlemediaagency.com/,info@littlemediaagency.com
https://www.google.com/maps/place/Catalyst+Marketing+Agency/data=!4m7!3m6!1s0x4870ab95d4ce83bf:0x28b1e3ed45759e03!8m2!3d52.4838125!4d-1.9061329!16s%2Fg%2F12hlvc3qn!19sChIJv4PO1JWrcEgRA551Re3jsSg?authuser=0&hl=en&rclk=1,Catalyst Marketing Agency,5.0,(20),Marketing agency,·,+44 121 296 5275,http://www.wearecatalyst.co.uk/,
https://www.google.com/maps/place/Lunar+Agency/data=!4m7!3m6!1s0x4870bdc72676796d:0x21967a99c734a01a!8m2!3d52.4770277!4d-1.8822568!16s%2Fg%2F11g236jllm!19sChIJbXl2Jse9cEgRGqA0x5l6liE?authuser=0&hl=en&rclk=1,Lunar Agency,4.6,(8),Marketing agency,·,+44 121 772 2244,http://lunar.agency/,
https://www.google.com/maps/place/The+Beauty+of+Marketing+%7C+A+Global+Leading+Beauty+Marketing+Agency/data=!4m7!3m6!1s0x487bafa203590f9b:0x5e3147abce73f19e!8m2!3d53.4792458!4d-2.2326188!16s%2Fg%2F11rc7sm2cv!19sChIJmw9ZA6Kve0gRnvFzzqtHMV4?authuser=0&hl=en&rclk=1,The Beauty of Marketing | A Global Leading Beauty Marketing Agency,5.0,(22),Marketing agency,·,+44 7464 610997,https://thebeautyofmarketing.com/,
https://www.google.com/maps/place/Daniel+Latto+Digital+Marketing+Agency/data=!4m7!3m6!1s0x48795cb09f1928c1:0x1d2ae605b589f17c!8m2!3d53.8006846!4d-1.550617!16s%2Fg%2F1tf_mtxm!19sChIJwSgZn7BceUgRfPGJtQXmKh0?authuser=0&hl=en&rclk=1,Daniel Latto Digital Marketing Agency,4.9,(39),Marketing agency,"Suite 59, 33 Great George St",+44 7888 860132,https://daniellatto.co.uk/,
https://www.google.com/maps/place/Odyssey+New+Media/data=!4m7!3m6!1s0x4870bce959a3cbc9:0x3f764f9e6a981c2d!8m2!3d52.4417774!4d-1.9425178!16s%2Fg%2F1vxvh973!19sChIJycujWem8cEgRLRyYap5Pdj8?authuser=0&hl=en&rclk=1,Odyssey New Media,4.9,(59),Internet marketing service,·,+44 121 439 5450,https://www.odysseynewmedia.com/,
https://www.google.com/maps/place/M3.agency/data=!4m7!3m6!1s0x4870bd0baa5c9a6f:0xacf6573e3c60a641!8m2!3d52.4798262!4d-1.9048386!16s%2Fg%2F11h7g3ffwk!19sChIJb5pcqgu9cEgRQaZgPD5X9qw?authuser=0&hl=en&rclk=1,M3.agency,5.0,(11),Marketing agency,·,+44 333 321 1493,https://www.m3.agency/?utm_source=google&utm_medium=organic&utm_campaign=gmb,
https://www.google.com/maps/place/Red+Cow+Media+-+SEO+Agency+Manchester/data=!4m7!3m6!1s0x487bb1c4f3e2f7f5:0xcaf0b883d42538d4!8m2!3d53.4816868!4d-2.2466759!16s%2Fg%2F1hd_v5r79!19sChIJ9ffi88Sxe0gR1Dgl1IO48Mo?authuser=0&hl=en&rclk=1,Red Cow Media - SEO Agency Manchester,4.6,(28),Internet marketing service,"The Chambers, 13 Police St",+44 161 711 0888,https://www.redcowmedia.co.uk/,
"https://www.google.com/maps/place/Swindon+Marketing+Company+-+Marketing,+Web+Design+%26+SEO+Agency+Swindon/data=!4m7!3m6!1s0x487145230026474d:0xfd1f3b3aa9021641!8m2!3d51.5518418!4d-1.7769937!16s%2Fg%2F11tn6b7jdf!19sChIJTUcmACNFcUgRQRYCqTo7H_0?authuser=0&hl=en&rclk=1","Swindon Marketing Company - Marketing, Web Design & SEO Agency Swindon",4.9,(8),Marketing agency,Old bank house,+44 1793 205300,http://www.swindonmarketingcompany.co.uk/,
https://www.google.com/maps/place/Superb+Digital/data=!4m7!3m6!1s0x48718c32cd8ff36d:0x9a6103cc070a8c6e!8m2!3d51.4471035!4d-2.6102846!16s%2Fg%2F11b6j0mg_w!19sChIJbfOPzTKMcUgRbowKB8wDYZo?authuser=0&hl=en&rclk=1,Superb Digital,5.0,(62),Internet marketing service,133 Cumberland Rd,+44 117 251 0060,https://superb.digital/?utm_source=google&utm_medium=organic&utm_campaign=gmb-listing,hello@superb.digital
https://www.google.com/maps/place/MediaMaks+UK/data=!4m7!3m6!1s0x4870a3d1a5a8866d:0x3bc71e2440ece383!8m2!3d52.4853725!4d-1.9043714!16s%2Fg%2F11fmpz11rm!19sChIJbYaopdGjcEgRg-PsQCQexzs?authuser=0&hl=en&rclk=1,MediaMaks UK,5.0,(73),Marketing agency,"Blackthorn House, Suite2A, St Paul's Square",+44 121 752 7143,https://www.mediamaks.com/,info@mediamaks.com
https://www.google.com/maps/place/IE+Brand+%26+Digital/data=!4m7!3m6!1s0x4870bcee60e1d939:0x74347c5fe2d4d181!8m2!3d52.4852051!4d-1.9164074!16s%2Fg%2F1tvm25zl!19sChIJOdnhYO68cEgRgdHU4l98NHQ?authuser=0&hl=en&rclk=1,IE Brand & Digital,4.3,(7),Website designer,124 Pope St,+44 121 693 8700,https://www.iebrand.co.uk/,hello@iebrand.co.uk
https://www.google.com/maps/place/Kleo+Digital+-+SEO+%26+PPC+%7C+Digital+Marketing+%7C+Web+Design+%26+Development+Agency/data=!4m7!3m6!1s0x48718d71f4f54251:0xa4b9ae0be206d97e!8m2!3d51.4538705!4d-2.5998886!16s%2Fg%2F11h4cb1btf!19sChIJUUL19HGNcUgRftkG4guuuaQ?authuser=0&hl=en&rclk=1,Kleo Digital - SEO & PPC | Digital Marketing | Web Design & Development Agency,3.4,(5),Internet marketing service,"Orchard Street Business Centre Ltd, 13-14 Orchard St",+44 117 428 6812,https://www.kleodigital.co.uk/,
https://www.google.com/maps/place/Ultimate+Agency/data=!4m7!3m6!1s0x487a54082acf9cbd:0xec8ac9f8bc0bb98f!8m2!3d53.4766509!4d-2.2539957!16s%2Fg%2F1tf3b1vy!19sChIJvZzPKghUekgRj7kLvPjJiuw?authuser=0&hl=en&rclk=1,Ultimate Agency,5.0,(23),Website designer,·,+44 161 758 0030,https://ultimate.agency/,
https://www.google.com/maps/place/London+Designs+Digital+Marketing+Agency/data=!4m7!3m6!1s0x47d8a73686c5a625:0x5127df9d37f88158!8m2!3d52.464764!4d-1.075913!16s%2Fg%2F11gg74wh59!19sChIJJabFhjan2EcRWIH4N53fJ1E?authuser=0&hl=en&rclk=1,London Designs Digital Marketing Agency,5.0,(9),Marketing agency,,+44 20 3422 7970,https://london-designs.com/,
https://www.google.com/maps/place/One+Day+Agency/data=!4m7!3m6!1s0x487bb19a69d5cce3:0x5dec932c07169e42!8m2!3d53.4806731!4d-2.2447803!16s%2Fg%2F11h8jzxslh!19sChIJ48zVaZqxe0gRQp4WByyT7F0?authuser=0&hl=en&rclk=1,One Day Agency,5.0,(30),Marketing agency,·,+44 161 552 7743,https://oneday.agency/?utm_source=google&utm_medium=organic&utm_campaign=gmb_manchester,
https://www.google.com/maps/place/SOS+Marketing/data=!4m7!3m6!1s0x48795b607f3651d7:0x4ed2ffc87a9a0b6d!8m2!3d53.7975953!4d-1.5397467!16s%2Fg%2F11fk53fvh_!19sChIJ11E2f2BbeUgRbQuaesj_0k4?authuser=0&hl=en&rclk=1,SOS Marketing,5.0,(40),Marketing agency,"The Leeming Building, Ludgate Hill",+44 113 294 8871,http://www.sosmarketing.uk/,
https://www.google.com/maps/place/Appeal+Digital/data=!4m7!3m6!1s0x48718e7ad2475be3:0x6618bbf85279b82d!8m2!3d51.4547238!4d-2.605364!16s%2Fg%2F11df049fm4!19sChIJ41tH0nqOcUgRLbh5Uvi7GGY?authuser=0&hl=en&rclk=1,Appeal Digital,5.0,(40),Website designer,40 Berkeley Square,+44 117 244 5858,https://appeal.digital/,
https://www.google.com/maps/place/Siren/data=!4m7!3m6!1s0x4870bc8b083aa48b:0x6c717760319ef359!8m2!3d52.4813962!4d-1.9052136!16s%2Fg%2F1tw_mpb2!19sChIJi6Q6CIu8cEgRWfOeMWB3cWw?authuser=0&hl=en&rclk=1,Siren,5.0,(25),Marketing agency,·,+44 121 272 8378,https://www.sirensearch.co.uk/,info@sirensearch.co.uk
https://www.google.com/maps/place/London+Design+Agency/data=!4m7!3m6!1s0x48761d630bff01d1:0x210a2242c8d8a669!8m2!3d51.5272385!4d-0.0886732!16s%2Fg%2F11j_64zy0j!19sChIJ0QH_C2MddkgRaabYyEIiCiE?authuser=0&hl=en&rclk=1,London Design Agency,5.0,(6),Design agency,124 City Rd,+44 116 318 0488,https://www.londondesignagency.net/,
https://www.google.com/maps/place/One+Agency+Media/data=!4m7!3m6!1s0x487bae9bb477c943:0x784ab058eb8a0532!8m2!3d53.4644872!4d-2.309186!16s%2Fg%2F11cnbzd25q!19sChIJQ8l3tJuue0gRMgWK61iwSng?authuser=0&hl=en&rclk=1,One Agency Media,4.5,(20),Advertising agency,"The Studio, Second Ave",+44 330 400 4169,https://www.oneagencymedia.co.uk/,
https://www.google.com/maps/place/KOTA+Design+Agency/data=!4m7!3m6!1s0x4876050a216d1fa3:0xb707536e55f4be4d!8m2!3d51.5231438!4d-0.0988209!16s%2Fg%2F1pp2x03fn!19sChIJox9tIQoFdkgRTb70VW5TB7c?authuser=0&hl=en&rclk=1,KOTA Design Agency,5.0,(31),Marketing agency,1-5 Clerkenwell Rd,+44 20 3951 0562,https://www.kota.co.uk/,careers@kota.co.uk; hello@kota.co.uk; newbiz@kota.co.uk
https://www.google.com/maps/place/Brand+Agency+Leeds/data=!4m7!3m6!1s0x48795c1e2547d5d7:0x15c6fdea49e56e27!8m2!3d53.7960465!4d-1.5506284!16s%2Fg%2F1tf23lrx!19sChIJ19VHJR5ceUgRJ27lSer9xhU?authuser=0&hl=en&rclk=1,Brand Agency Leeds,5.0,(1),Graphic designer,40 Aire St,+44 845 474 0715,https://www.cmsadvertising.co.uk/services/branding,
https://www.google.com/maps/place/Everything+Digital+Ltd/data=!4m7!3m6!1s0x48795de7fbde2a7f:0xc89e310a9a95d7cd!8m2!3d53.8028462!4d-1.5300717!16s%2Fg%2F11h4rf3_4y!19sChIJfyre--ddeUgRzdeVmgoxnsg?authuser=0&hl=en&rclk=1,Everything Digital Ltd,4.6,(14),Marketing agency,"Everything Digital, 93-99 Mabgate",+44 7745 528158,https://everything-digital.co.uk/,
https://www.google.com/maps/place/Bolser+Digital+Agency/data=!4m7!3m6!1s0x487be28f970dd0a5:0xc772b5b6d2edc9cf!8m2!3d53.791483!4d-1.553862!16s%2Fg%2F11cnsnnhh_!19sChIJpdANl4_ie0gRz8nt0ra1csc?authuser=0&hl=en&rclk=1,Bolser Digital Agency,5.0,(30),Marketing agency,"Ground Floor, MARSHALL COURT, Marshall St",+44 113 250 3335,https://bolser.co.uk/,info@bolser.co.uk
https://www.google.com/maps/place/NY+Digital+Marketing+Agency/data=!4m7!3m6!1s0x4e3f69115dac32dd:0x80d0c01d12121a49!8m2!3d53.4438852!4d-2.2347641!16s%2Fg%2F11yc9cch5q!19sChIJ3TKsXRFpP04RSRoSEh3A0IA?authuser=0&hl=en&rclk=1,NY Digital Marketing Agency,5.0,(1),Website designer,94 Wilbraham Rd,+44 7304 089982,https://nydigimarketing.com/,
https://www.google.com/maps/place/Digital+Next/data=!4m7!3m6!1s0x487bb0e2247198f9:0xf93f77b69d901ccd!8m2!3d53.501774!4d-2.194785!16s%2Fg%2F11b75dsz89!19sChIJ-ZhxJOKwe0gRzRyQnbZ3P_k?authuser=0&hl=en&rclk=1,Digital Next,4.8,(71),Internet marketing service,·,+44 161 203 3190,http://digitalnext.co.uk/,
https://www.google.com/maps/place/London+Design+Agency/data=!4m7!3m6!1s0x487604a5fac28b4f:0xcb598c04b0f36d2b!8m2!3d51.5372076!4d-0.0000688!16s%2Fg%2F1thpw9kw!19sChIJT4vC-qUEdkgRK23zsASMWcs?authuser=0&hl=en&rclk=1,London Design Agency,4.8,(4),Website designer,"Studio 155, Stratford Workshops, Burford Rd",+44 20 3288 3906,http://www.londondesignagency.co.uk/,creative@londondesignagency.co.uk; mail@londondesignagency.co.uk
https://www.google.com/maps/place/best+digital+marketing+company+in+Manchester+%7C+Hire+digital+marketing+expert+in+Manchester+-Needle+ads/data=!4m7!3m6!1s0x487bb1b87f71bdfb:0x3137fcacd8f27581!8m2!3d53.4855838!4d-2.2337258!16s%2Fg%2F11wfpn0tnr!19sChIJ-71xf7ixe0gRgXXy2Kz8NzE?authuser=0&hl=en&rclk=1,best digital marketing company in Manchester | Hire digital marketing expert in Manchester -Needle ads,5.0,(2),Marketing agency,"First Floor, Swan Buildings, City Centre, 20 Swan St",,https://www.theneedleads.com/,
https://www.google.com/maps/place/Velvet+Marketing/data=!4m7!3m6!1s0x4870bd941df8c68d:0x329c367257fe461c!8m2!3d52.4785744!4d-1.9129673!16s%2Fg%2F11jgdjv85t!19sChIJjcb4HZS9cEgRHEb-V3I2nDI?authuser=0&hl=en&rclk=1,Velvet Marketing,5.0,(12),Marketing agency,3 Brindley Pl,+44 121 231 7076,http://www.velvetmarketing.co.uk/,info@velvetmarketing.co.uk
https://www.google.com/maps/place/Digital+Media+Team/data=!4m7!3m6!1s0x487bb15972a62ca9:0xa810437ad7bcd446!8m2!3d53.4788877!4d-2.253992!16s%2Fg%2F11j0w9g28w!19sChIJqSymclmxe0gRRtS813pDEKg?authuser=0&hl=en&rclk=1,Digital Media Team,4.8,(33),Marketing agency,"Ground Floor, Bauhaus, 27 Quay St",+44 800 808 9980,https://www.digitalmediateam.co.uk/,joinus@digitalmediateam.co.uk
https://www.google.com/maps/place/Found+%7C+Digital+Marketing+Agency+London/data=!4m7!3m6!1s0x48761b524aaded3d:0x759704da5b631b3d!8m2!3d51.520104!4d-0.108677!16s%2Fg%2F1tfgcqq7!19sChIJPe2tSlIbdkgRPRtjW9oEl3U?authuser=0&hl=en&rclk=1,Found | Digital Marketing Agency London,4.8,(12),Internet marketing service,·,+44 20 7653 6709,https://www.found.co.uk/?utm_source=local&utm_medium=organic&utm_campaign=gmb,info@found.co.uk; partnerships@found.co.uk
https://www.google.com/maps/place/Bring+Digital/data=!4m7!3m6!1s0x487b08fff09605fb:0x64ae461726e39a1!8m2!3d53.4844016!4d-2.2280095!16s%2Fg%2F1yh9tvk1m!19sChIJ-wWW8P8Ie0gRoTlucmHkSgY?authuser=0&hl=en&rclk=1,Bring Digital,4.7,(16),Marketing agency,·,+44 161 441 0895,https://www.bringdigital.co.uk/?utm_source=google&utm_medium=organic&utm_campaign=Google%20My%20Business,info@bringdigital.co.uk
https://www.google.com/maps/place/Bobble+Digital/data=!4m7!3m6!1s0x48795c11f274915d:0xb1bedfd2731730c1!8m2!3d53.7904853!4d-1.5315667!16s%2Fg%2F11g8ctw64v!19sChIJXZF08hFceUgRwTAXc9LfvrE?authuser=0&hl=en&rclk=1,Bobble Digital,4.9,(36),Marketing agency,"Suite 1.07, Department, 4 The Blvd",+44 113 468 3902,https://www.bobbledigital.com/,media@bobbledigital.com
https://www.google.com/maps/place/Clevercherry/data=!4m7!3m6!1s0x4870bcedf3858c59:0xd55d63dbd9bbd00f!8m2!3d52.4767254!4d-1.9091939!16s%2Fg%2F1tdd98vh!19sChIJWYyF8-28cEgRD9C72dtjXdU?authuser=0&hl=en&rclk=1,Clevercherry,5.0,(9),Marketing agency,·,+44 121 236 1060,https://clevercherry.com/,hello@clevercherry.com
https://www.google.com/maps/place/SEO+Results/data=!4m7!3m6!1s0x4870b835e09d094d:0x55d2ff86a018488d!8m2!3d52.3851629!4d-1.8931117!16s%2Fg%2F124ssp639!19sChIJTQmd4DW4cEgRjUgYoIb_0lU?authuser=0&hl=en&rclk=1,SEO Results,4.7,(13),Marketing agency,2 Batemans Ln,+44 121 726 3861,https://www.seoresults.co.uk/,
https://www.google.com/maps/place/Red+Design/data=!4m7!3m6!1s0x487bb2685cdf9559:0x1041185947455573!8m2!3d53.441181!4d-2.2630046!16s%2Fg%2F1hc1b01d1!19sChIJWZXfXGiye0gRc1VFR1kYQRA?authuser=0&hl=en&rclk=1,Red Design,4.8,(26),Website designer,19 Vaughan Rd,+44 161 881 9727,https://reddesignservices.co.uk/,
https://www.google.com/maps/place/Brilliant+Agency/data=!4m7!3m6!1s0x48795e9dfe2b1c15:0xec769c08eca89a8d!8m2!3d53.8028462!4d-1.5300717!16s%2Fg%2F11b7xs_dll!19sChIJFRwr_p1eeUgRjZqo7Aicduw?authuser=0&hl=en&rclk=1,Brilliant Agency,5.0,(4),Marketing agency,"99, Mabgate Business Centre",+44 113 242 8299,http://www.brilliantagency.co.uk/,hello@brilliantagency.co.uk
https://www.google.com/maps/place/Animakermedia+Limited+%7C+SEO+%26+Web+Design+Agency+Manchester/data=!4m7!3m6!1s0x487bb3ea1efbf2dd:0x69bbb051f3e54bba!8m2!3d53.454731!4d-2.2252132!16s%2Fg%2F11mcc4slc5!19sChIJ3fL7Huqze0gRukvl81Gwu2k?authuser=0&hl=en&rclk=1,Animakermedia Limited | SEO & Web Design Agency Manchester,4.0,(4),Marketing agency,35 Aspinall St,+44 7405 532131,http://animakermedia.com/,info@animakermedia.com
https://www.google.com/maps/place/Medico+Digital/data=!4m7!3m6!1s0x48718e7872c47a47:0xf625b3159202b847!8m2!3d51.5297952!4d-0.1201384!16s%2Fg%2F11c4bgt31n!19sChIJR3rEcniOcUgRR7gCkhWzJfY?authuser=0&hl=en&rclk=1,Medico Digital,4.9,(51),Marketing agency,344-354 Grays Inn Rd,+44 20 3582 0064,http://www.medicodigital.co.uk/,hello@medicodigital.co.uk; jobs@medicodgital.co.uk
https://www.google.com/maps/place/Digital+Designs+-+Web+Designer/data=!4m7!3m6!1s0x4870bfc372f3d3b3:0x1ccac718413c7ebc!8m2!3d47.73855!4d12.5088275!16s%2Fg%2F11ny_2k4sc!19sChIJs9PzcsO_cEgRvH48QRjHyhw?authuser=0&hl=en&rclk=1,Digital Designs - Web Designer,5.0,(13),Website designer,,+44 7449 496359,http://www.digitaldesigns.live/,
https://www.google.com/maps/place/Passion+Digital/data=!4m7!3m6!1s0x4876045217839471:0xf9ead263f91cffe7!8m2!3d51.5174204!4d-0.1226863!16s%2Fg%2F113fs385t!19sChIJcZSDF1IEdkgR5_8c-WPS6vk?authuser=0&hl=en&rclk=1,Passion Digital,4.8,(41),Internet marketing service,"4th Floor, Holborn Tower, 137-144 New Oxford St",+44 20 3432 1360,https://passion.digital/?utm_source=google&utm_medium=organic&utm_campaign=googlemybusiness,
https://www.google.com/maps/place/SMILE/data=!4m7!3m6!1s0x4870bc81c0565189:0x7570e70a8cc3e7db!8m2!3d47.73855!4d12.5088275!16s%2Fg%2F1tdw2xwt!19sChIJiVFWwIG8cEgR2-fDjArncHU?authuser=0&hl=en&rclk=1,SMILE,5.0,(2),Marketing agency,,,https://wearesmile.com/,
https://www.google.com/maps/place/Collective+London/data=!4m7!3m6!1s0x48761b459e643145:0xbf74953a1a7519ce!8m2!3d51.5191796!4d-0.1168641!16s%2Fg%2F1tlc7k8n!19sChIJRTFknkUbdkgRzhl1GjqVdL8?authuser=0&hl=en&rclk=1,Collective London,5.0,(11),Marketing agency,20 Red Lion St,+44 20 7843 3555,https://www.collectiveworld.com/?utm_source=google&utm_medium=local&utm_campaign=gmb-listing,london@collectiveworld.com; newyork@collectiveworld.com
https://www.google.com/maps/place/Digital+Waffle/data=!4m7!3m6!1s0x4870bceda33a6a8d:0x536097b5f8a0890f!8m2!3d52.4834073!4d-1.9065283!16s%2Fg%2F11f4pl8bk1!19sChIJjWo6o-28cEgRD4mg-LWXYFM?authuser=0&hl=en&rclk=1,Digital Waffle,4.7,(115),Recruiter,"Assay Studios, Newhall St",+44 121 517 0357,https://www.digitalwaffle.co/,hello@digitalwaffle.co
https://www.google.com/maps/place/true+digital/data=!4m7!3m6!1s0x48718e7841832933:0xa7f67af9e000c1a0!8m2!3d51.4540543!4d-2.58748!16s%2Fg%2F1td64rtf!19sChIJMymDQXiOcUgRoMEA4Pl69qc?authuser=0&hl=en&rclk=1,true digital,5.0,(5),Marketing agency,·,+44 117 927 7750,https://www.truedigital.co.uk/,
https://www.google.com/maps/place/Lightbulb+Media/data=!4m7!3m6!1s0x487ba72aac542567:0xc3261c0190f9fc1a!8m2!3d53.4778465!4d-2.2557417!16s%2Fg%2F11fg60d_73!19sChIJZyVUrCqne0gRGvz5kAEcJsM?authuser=0&hl=en&rclk=1,Lightbulb Media,5.0,(89),Marketing agency,"Bonded Warehouse, 18 Lower Byrom St",+44 161 399 0326,https://lightbulbmedia.co.uk/,
https://www.google.com/maps/place/s360+Digital+UK/data=!4m7!3m6!1s0x487604d5a1c8235d:0xe752759bee33c16f!8m2!3d51.5023976!4d-0.0925954!16s%2Fg%2F1tg5z33d!19sChIJXSPIodUEdkgRb8Ez7pt1Uuc?authuser=0&hl=en&rclk=1,s360 Digital UK,4.7,(49),Internet marketing service,·,+44 7465 280990,https://www.xpfreelancer.com/,
https://www.google.com/maps/place/Pixel+Kicks/data=!4m7!3m6!1s0x487bb0e23dfbfe1b:0xbdb8ae9c3708958d!8m2!3d53.4842729!4d-2.2261641!16s%2Fg%2F1hhwd_pdz!19sChIJG_77PeKwe0gRjZUIN5yuuL0?authuser=0&hl=en&rclk=1,Pixel Kicks,5.0,(68),Website designer,"Beehive Lofts, Waulk Mill, 51 Bengal St",+44 161 713 1700,https://www.pixelkicks.co.uk/,
https://www.google.com/maps/place/Marketing+digital/data=!4m7!3m6!1s0x487bc71857a28cad:0xe1b10fb4ac0ad737!8m2!3d28.1847226!4d-105.4624398!16s%2Fg%2F11j1l8qzpw!19sChIJrYyiVxjHe0gRN9cKrLQPseE?authuser=0&hl=en&rclk=1,Marketing digital,,,Marketing agency,,+44 7541 622407,,
https://www.google.com/maps/place/HQ+Digital/data=!4m7!3m6!1s0x419179745eb53ddd:0xf1d9fb1fe98a967a!8m2!3d51.978589!4d-1.5726958!16s%2Fg%2F11ycj0k53q!19sChIJ3T21XnR5kUERepaK6R_72fE?authuser=0&hl=en&rclk=1,HQ Digital,5.0,(6),Website designer,,+44 7810 819528,https://www.hqdigital.co.uk/,
https://www.google.com/maps/place/M3.Agency/data=!4m7!3m6!1s0x487083b4b083f181:0x6b7871ea4ea5ed0c!8m2!3d52.637728!4d-2.267554!16s%2Fg%2F1w0h_15x!19sChIJgfGDsLSDcEgRDO2lTupxeGs?authuser=0&hl=en&rclk=1,M3.Agency,5.0,(2),Marketing agency,"James House, Newport Rd",+44 333 321 1493,http://www.m3.agency/,
https://www.google.com/maps/place/CREATIONS+LOCAL+BUSINESS+MARKETING/data=!4m7!3m6!1s0x4870a3c7b3f9db89:0xb1b9f2f202c5fbc!8m2!3d52.4752038!4d-1.9093169!16s%2Fg%2F11h08rv_05!19sChIJidv5s8ejcEgRvF8sIC-fGws?authuser=0&hl=en&rclk=1,CREATIONS LOCAL BUSINESS MARKETING,5.0,(11),Marketing agency,"3, Gatsby Court, 172 Holliday St",+44 7401 278317,https://www.creations.marketing/,
https://www.google.com/maps/place/Making+You+Content/data=!4m7!3m6!1s0x487bb1b9f5173c81:0x4620effc844c5b79!8m2!3d53.476311!4d-2.2416575!16s%2Fg%2F11bzzt6jbz!19sChIJgTwX9bmxe0gReVtMhPzvIEY?authuser=0&hl=en&rclk=1,Making You Content,5.0,(54),Marketing agency,"2nd Floor, 127 Portland St",+44 161 660 9206,http://www.makingyoucontent.com/,info@makingyoucontent.com
https://www.google.com/maps/place/Digimax+Dental+Marketing/data=!4m7!3m6!1s0x4876052aa48e3177:0xa025a04619ebecf0!8m2!3d51.5196997!4d-0.1594515!16s%2Fg%2F1tm8dg7p!19sChIJdzGOpCoFdkgR8OzrGUagJaA?authuser=0&hl=en&rclk=1,Digimax Dental Marketing,5.0,(460),Internet marketing service,·,+44 20 7060 2345,https://digimax.dental/,hello@digimax.dental
https://www.google.com/maps/place/Birmingham+Web+Design+%26+SEO+%7C+Visualwebz/data=!4m7!3m6!1s0x4870bda46b473177:0x74b628d027718adb!8m2!3d52.298301!4d-1.889496!16s%2Fg%2F11mb5p1syw!19sChIJdzFHa6S9cEgR24pxJ9AotnQ?authuser=0&hl=en&rclk=1,Birmingham Web Design & SEO | Visualwebz,5.0,(2),Website designer,,,https://visualwebz.com/uk/birmingham-web-design/,info@visualwebz.com; uk@visualwebz.com
https://www.google.com/maps/place/The+Best+Marketing+Strategy+Agency+London+%7C+Shift+ONE+Digital/data=!4m7!3m6!1s0x48760fb7509b7ad1:0x56b22d5f34fccec6!8m2!3d51.4931916!4d-0.2743782!16s%2Fg%2F11vstv6jgz!19sChIJ0XqbULcPdkgRxs78NF8tslY?authuser=0&hl=en&rclk=1,The Best Marketing Strategy Agency London | Shift ONE Digital,,,Marketing agency,"Building 7, 566 Chiswick High Rd.",+44 20 3987 7653,https://shiftonedigital.co.uk/,
https://www.google.com/maps/place/Marketing+digital/data=!4m7!3m6!1s0x487bc71857a28cad:0xe1b10fb4ac0ad737!8m2!3d28.1847226!4d-105.4624398!16s%2Fg%2F11j1l8qzpw!19sChIJrYyiVxjHe0gRN9cKrLQPseE?authuser=0&hl=en&rclk=1,Marketing digital,,,Marketing agency,,+44 7541 622407,,
https://www.google.com/maps/place/Shire+Marketing+Specialists/data=!4m7!3m6!1s0x4870d9f2b648969f:0x1ac703ef15246a39!8m2!3d52.0495408!4d-1.7821489!16s%2Fg%2F11k21k9jdj!19sChIJn5ZItvLZcEgROWokFe8Dxxo?authuser=0&hl=en&rclk=1,Shire Marketing Specialists,5.0,(10),Marketing agency,Unit 9 High St,+44 7525 727802,https://www.shiremarketingspecialists.co.uk/,info@shiremarketingspecialists.co.uk
https://www.google.com/maps/place/Marketing+digital/data=!4m7!3m6!1s0x487bc71857a28cad:0xe1b10fb4ac0ad737!8m2!3d28.1847226!4d-105.4624398!16s%2Fg%2F11j1l8qzpw!19sChIJrYyiVxjHe0gRN9cKrLQPseE?authuser=0&hl=en&rclk=1,Marketing digital,,,Marketing agency,,+44 7541 622407,,
https://www.google.com/maps/place/Modern+English+Digital/data=!4m7!3m6!1s0x487bb195771013bf:0x1d23ddea75629cc4!8m2!3d53.4774824!4d-2.2552753!16s%2Fg%2F1hc2w4b6h!19sChIJvxMQd5Wxe0gRxJxiderdIx0?authuser=0&hl=en&rclk=1,Modern English Digital,4.4,(5),Website designer,"Bonded Warehouse, 18 Lower Byrom St",,http://www.modernenglish.co.uk/,info@modernenglish.co.uk
https://www.google.com/maps/place/WebGene+-+Web+Design+Company/data=!4m7!3m6!1s0x48760543c8c8a265:0x77a0e03168fc35c2!8m2!3d51.5149037!4d-0.1235842!16s%2Fg%2F11vqhpl7bv!19sChIJZaLIyEMFdkgRwjX8aDHgoHc?authuser=0&hl=en&rclk=1,WebGene - Web Design Company,5.0,(8),Website designer,71-75 Shelton St,+44 7738 297981,https://www.webdesignagencyuk.co.uk/,info@webdesignagency.co.uk; info@webdesignagencyuk.co.uk
https://www.google.com/maps/place/London/data=!4m6!3m5!1s0x644025b20e6465b1:0xae2b9130602f9e9a!8m1!3d45.0503999!16s%2Fg%2F11vwf2rnvy!19sChIJsWVkDrIlQGQRmp4vYDCRK64?authuser=0&hl=en&rclk=1,London,4.6,(14),Marketing agency,,+44 7742 413659,https://www.aiadmarketing.com/?utm_source=google&utm_medium=wix_google_business_profile&utm_campaign=2750300765152112866,
https://www.google.com/maps/place/Branding+London/data=!4m7!3m6!1s0x4876052a9dd1b403:0xe6410e8738c3ef6f!8m2!3d51.5132457!4d-0.1411087!16s%2Fg%2F11f3nj0365!19sChIJA7TRnSoFdkgRb-_DOIcOQeY?authuser=0&hl=en&rclk=1,Branding London,5.0,(20),Design agency,"3rd Floor, 207 Regent Street",+44 20 7887 2535,https://brandinglondon.co.uk/,info@brandinglondon.co.uk
https://www.google.com/maps/place/Social+Media+Active+%28MercuryGMG%29/data=!4m7!3m6!1s0x4870963d89956a09:0xb37f526f99204bf8!8m2!3d47.73855!4d12.5088275!16s%2Fg%2F1jkxz32pt!19sChIJCWqViT2WcEgR-EsgmW9Sf7M?authuser=0&hl=en&rclk=1,Social Media Active (MercuryGMG),,,Internet marketing service,,+44 7926 022367,http://www.socialmediaactive.com/,
https://www.google.com/maps/place/Marketing+digital/data=!4m7!3m6!1s0x487bc71857a28cad:0xe1b10fb4ac0ad737!8m2!3d28.1847226!4d-105.4624398!16s%2Fg%2F11j1l8qzpw!19sChIJrYyiVxjHe0gRN9cKrLQPseE?authuser=0&hl=en&rclk=1,Marketing digital,,,Marketing agency,,+44 7541 622407,,
https://www.google.com/maps/place/STM+Agency/data=!4m7!3m6!1s0x487bb1bb28d2783f:0xd8d0a4189ec1017c!8m2!3d53.4852894!4d-2.2336504!16s%2Fg%2F1ty73tly!19sChIJP3jSKLuxe0gRfAHBnhik0Ng?authuser=0&hl=en&rclk=1,STM Agency,3.8,(10),Marketing agency,·,+44 161 205 3311,https://www.stmagency.co.uk/,
https://www.google.com/maps/place/SEO+Company+UK/data=!4m7!3m6!1s0x487bb1d4967c2357:0xfef4bd67a60edd85!8m2!3d53.4792152!4d-2.2513929!16s%2Fg%2F11trx5fjv4!19sChIJVyN8ltSxe0gRhd0Opme99P4?authuser=0&hl=en&rclk=1,SEO Company UK,1.0,(1),Internet marketing service,1 Byrom St,+44 161 524 2132,https://seoservicessk.com/,
https://www.google.com/maps/place/Digital+Marketing+%26+Website+Design/data=!4m7!3m6!1s0x487615cdbf002c05:0x445af63ca7b51f71!8m2!3d51.6051013!4d-0.2972463!16s%2Fg%2F11t75fxz1g!19sChIJBSwAv80VdkgRcR-1pzz2WkQ?authuser=0&hl=en&rclk=1,Digital Marketing & Website Design,5.0,(3),Website designer,"14, Dukes Court, Howard Rd",+44 7757 751040,https://digitalmarketingwebsitedesign.online/,
https://www.google.com/maps/place/Codedesign+UK/data=!4m7!3m6!1s0x487bb1f02cef23cd:0xa12b4d85a0dcb548!8m2!3d53.4795301!4d-2.240846!16s%2Fg%2F11t1by_2_q!19sChIJzSPvLPCxe0gRSLXcoIVNK6E?authuser=0&hl=en&rclk=1,Codedesign UK,5.0,(1),Internet marketing service,61 Mosley St,+351 935 988 899,http://www.codedesign.org/,
https://www.google.com/maps/place/Website+Designer+Marketing+Ltd/data=!4m7!3m6!1s0x4870bc7e815b7213:0x6210f96f2359617a!8m2!3d52.4707447!4d-1.8854739!16s%2Fg%2F1pxq3q_7d!19sChIJE3JbgX68cEgRemFZI2_5EGI?authuser=0&hl=en&rclk=1,Website Designer Marketing Ltd,,,Website designer,94 Moseley St,+44 121 622 6512,http://www.wd-m.co.uk/,info@wd-m.co.uk
https://www.google.com/maps/place/Marketing+digital/data=!4m7!3m6!1s0x487bc71857a28cad:0xe1b10fb4ac0ad737!8m2!3d28.1847226!4d-105.4624398!16s%2Fg%2F11j1l8qzpw!19sChIJrYyiVxjHe0gRN9cKrLQPseE?authuser=0&hl=en&rclk=1,Marketing digital,,,Marketing agency,,+44 7541 622407,,
https://www.google.com/maps/place/AgencyUK/data=!4m7!3m6!1s0x48718112d3b3118f:0xe6b50908763704d1!8m2!3d51.3857657!4d-2.3589529!16s%2Fg%2F1v830kcf!19sChIJjxGz0xKBcUgR0QQ3dggJteY?authuser=0&hl=en&rclk=1,AgencyUK,4.4,(9),Marketing agency,"2-5, New Workshops, Beehive Yard",+44 1225 429938,http://www.agencyuk.com/,hello@agencyuk.com
https://www.google.com/maps/place/Rockstar+Marketing/data=!4m7!3m6!1s0x4870bd3c4735f1a9:0xfef6836f83e00367!8m2!3d47.73855!4d12.5088275!16s%2Fg%2F11hfgj4yw3!19sChIJqfE1Rzy9cEgRZwPgg2-D9v4?authuser=0&hl=en&rclk=1,Rockstar Marketing,5.0,(2),Marketing agency,,+44 7540 227843,https://www.rockstarmarketing.co.uk/,
https://www.google.com/maps/place/Blend+Marketing+Ltd/data=!4m7!3m6!1s0x48769b3d9f84047f:0x3cbc2a53406e104d!8m2!3d51.4640604!4d-0.9573366!16s%2Fg%2F1thvxs6t!19sChIJfwSEnz2bdkgRTRBuQFMqvDw?authuser=0&hl=en&rclk=1,Blend Marketing Ltd,5.0,(8),Marketing agency,·,,http://blendb2b.com/,
https://www.google.com/maps/place/Corporate+Video+Branding/data=!4m7!3m6!1s0x4870bd64f193062d:0xba50393870379f57!8m2!3d52.5122017!4d-1.9038537!16s%2Fg%2F11r_mpzm9l!19sChIJLQaT8WS9cEgRV583cDg5ULo?authuser=0&hl=en&rclk=1,Corporate Video Branding,,,Marketing agency,·,+44 121 364 0838,https://www.corporatevideobranding.co.uk/,
https://www.google.com/maps/place/MY:Marketing/data=!4m7!3m6!1s0x257d7dcb2e0e189f:0xaf3df48802eb7a48!8m2!3d52.8378768!4d-2.3274808!16s%2Fg%2F11l36_pn4q!19sChIJnxgOLst9fSURSHrrAoj0Pa8?authuser=0&hl=en&rclk=1,MY:Marketing,5.0,(6),Marketing agency,,+44 7754 169045,http://www.mymarketing.rocks/,
https://www.google.com/maps/place/Tigerbond/data=!4m7!3m6!1s0x4870bc8b7c48b2ab:0x59a74de512595899!8m2!3d52.479092!4d-1.902987!16s%2Fg%2F11c2mdbrsb!19sChIJq7JIfIu8cEgRmVhZEuVNp1k?authuser=0&hl=en&rclk=1,Tigerbond,,,Public relations firm,·,+44 800 612 9890,https://www.tigerbond.com/lets-connect/birmingham/,hello@tigerbond.com
