place_id,business_name,rating,reviews,category,W4Efsd (2),address,W4Efsd (4),W4Efsd (5),W4Efsd (6),whatsapp_number,website,email
https://www.google.com/maps/place/Insil/data=!4m7!3m6!1s0x6b12aef31f6bffb1:0x7f2e86842a6f10fd!8m2!3d-33.8391698!4d151.2079567!16s%2Fg%2F11h98w0kcm!19sChIJsf9rH_OuEmsR_RBvKoSGLn8?authuser=0&hl=en&rclk=1,Insil,4.9,(210),Marketing agency,·,"Level 13, 1303/83 Mount St",Closed,· Opens 8:30 AM,·,+61 2 8074 1656,https://www.insil.com.au/,
https://www.google.com/maps/place/Clearwater+Agency/data=!4m7!3m6!1s0x6ad6435d8bcbaca3:0xaea12393426b5939!8m2!3d-37.8282545!4d144.9966627!16s%2Fg%2F11g2wl7c02!19sChIJo6zLi11D1moROVlrQpMjoa4?authuser=0&hl=en&rclk=1,Clearwater Agency,4.9,(75),Marketing agency,·,Level 6/19 William St,Closed,· Opens 9 AM,·,+61 1300 796 122,https://clearwateragency.com.au/,hello@clearwateragency.com.au
"https://www.google.com/maps/place/NuKind+Digital+-+Digital+Marketing+Agency+Melbourne,+Australia/data=!4m7!3m6!1s0x6ad65d242d73f8c9:0x64deadf8e46725f6!8m2!3d-37.8177615!4d144.9553974!16s%2Fg%2F11j9gmthjp!19sChIJyfhzLSRd1moR9iVn5Pit3mQ?authuser=0&hl=en&rclk=1","NuKind Digital - Digital Marketing Agency Melbourne, Australia",5.0,(45),Marketing agency,·,·,Closed,· Opens 10 AM,Suite 428/585 Little Collins St,+61 1300 710 951,https://nukindigital.com.au/?utm_source=google&utm_medium=organic&utm_campaign=gmb,
https://www.google.com/maps/place/Clickbiz+Australia+%E2%80%93+Digital+Marketing+Agency/data=!4m7!3m6!1s0x6b129f511d08850b:0xe660d13a5714ab8!8m2!3d-33.7351498!4d150.9461819!16s%2Fg%2F11c206w09f!19sChIJC4UIHVGfEmsRuEpxpRMNZg4?authuser=0&hl=en&rclk=1,Clickbiz Australia – Digital Marketing Agency,4.7,(59),Internet marketing service,·,"306, Level 3/20-B Lexington Dr",Closed,· Opens 9 AM,·,+61 1800 096 621,http://www.clickbiz.com.au/,info@clickbiz.com.au
https://www.google.com/maps/place/Rocket+Agency/data=!4m7!3m6!1s0x6b12ae2031192005:0xc6b27d9696754f9a!8m2!3d-33.8870809!4d151.2092652!16s%2Fg%2F11c60jdw2n!19sChIJBSAZMSCuEmsRmk91lpZ9ssY?authuser=0&hl=en&rclk=1,Rocket Agency,5.0,(48),Internet marketing service,·,Level 1/137 Devonshire St,Closed,· Opens 9 AM,·,+61 1300 059 620,https://rocketagency.com.au/?utm_source=google&utm_medium=organic&utm_campaign=gmb_listing&utm_content=ra-sydney,
https://www.google.com/maps/place/Impressive/data=!4m7!3m6!1s0x6ad6428e5ead0981:0x71434b769e24dbb!8m2!3d-37.8436983!4d144.9958548!16s%2Fg%2F11cmtx1d65!19sChIJgQmtXo5C1moRu03iabc0FAc?authuser=0&hl=en&rclk=1,Impressive,4.8,(114),Internet marketing service,·,Level 4/11-13 Wilson St,Closed,· Opens 9 AM,·,+61 1300 191 943,https://impressive.com.au/,
https://www.google.com/maps/place/SearchMax+Melbourne+Digital+Marketing+Agency/data=!4m7!3m6!1s0x6ad643e00886e8e3:0x9f9c0eb9fa98fd04!8m2!3d-37.818369!4d144.957255!16s%2Fg%2F11jfq2qrj9!19sChIJ4-iGCOBD1moRBP2Y-rkOnJ8?authuser=0&hl=en&rclk=1,SearchMax Melbourne Digital Marketing Agency,4.8,(20),Marketing agency,·,Level 21/567 Collins St,Closed,· Opens 9 AM,·,+61 1300 986 744,https://www.searchmax.com.au/,
https://www.google.com/maps/place/SIXGUN+-+SEO+%26+Digital+Marketing+Agency/data=!4m7!3m6!1s0x6ad642b3401cd115:0xf3ac833a1f08efd2!8m2!3d-37.8131707!4d144.9987059!16s%2Fg%2F11f15j60tp!19sChIJFdEcQLNC1moR0u8IHzqDrPM?authuser=0&hl=en&rclk=1,SIXGUN - SEO & Digital Marketing Agency,5.0,(95),Marketing agency,·,·,Closed,· Opens 9 AM,Unit 7/1 Bromham Pl,+61 1300 127 361,https://sixgun.com.au/?utm_source=google&utm_medium=organic&utm_campaign=gmb,
https://www.google.com/maps/place/Digital+Nomads+HQ/data=!4m7!3m6!1s0x6b9377a0f9033aab:0x57b5beb9204d3fee!8m2!3d-26.6828077!4d153.1187357!16s%2Fg%2F11ghpz72mg!19sChIJqzoD-aB3k2sR7j9NILm-tVc?authuser=0&hl=en&rclk=1,Digital Nomads HQ,4.9,(93),Marketing agency,·,·,Closed,· Opens 8:30 AM,208/45 Brisbane Rd,+61 1300 633 100,https://www.digitalnomadshq.com.au/,hello@dnhq.com.au
https://www.google.com/maps/place/Local+Digital/data=!4m7!3m6!1s0x6b12af922705aee9:0x330bc37b3434fbc8!8m2!3d-33.8132657!4d151.0016196!16s%2Fg%2F11b77pspy4!19sChIJ6a4FJ5KvEmsRyPs0NHvDCzM?authuser=0&hl=en&rclk=1,Local Digital,5.0,(69),Internet marketing service,·,·,Closed,· Opens 9 AM,"Suite 2, Level 4/9 George St",+61 1300 896 007,https://www.localdigital.com.au/,
https://www.google.com/maps/place/Nifty+Marketing+Australia/data=!4m7!3m6!1s0x6b12a54629e77cc3:0x99c6781b99a2ed0e!8m2!3d-33.8465382!4d151.0725533!16s%2Fg%2F11h6symymv!19sChIJw3znKUalEmsRDu2imRt4xpk?authuser=0&hl=en&rclk=1,Nifty Marketing Australia,4.8,(44),Marketing agency,·,11 Australia Ave,Closed,· Opens 9 AM,·,+61 1300 164 389,https://niftymarketing.com.au/,
https://www.google.com/maps/place/Direct+Clicks+%7C+Digital+Marketing+Agency/data=!4m7!3m6!1s0x6b12aef294338a13:0xbefdfdba7a15fda4!8m2!3d-33.8685372!4d151.2050079!16s%2Fg%2F1hc2d5j9r!19sChIJE4ozlPKuEmsRpP0Verr9_b4?authuser=0&hl=en&rclk=1,Direct Clicks | Digital Marketing Agency,4.9,(115),Internet marketing service,·,·,Closed,· Opens 9 AM,"Suite 4, Level 9/171 Clarence St",+61 1800 007 089,https://directclicks.com.au/?utm_source=google&utm_medium=organic&utm_campaign=gmb,accounts@dawsonmedia.com.au; info@directclicks.com.au
https://www.google.com/maps/place/Reform+Digital/data=!4m7!3m6!1s0x6ad615d6f26d0dd1:0x87f6e116c060f758!8m2!3d-37.8394016!4d144.9913526!16s%2Fg%2F11k780rtpt!19sChIJ0Q1t8tYV1moRWPdgwBbh9oc?authuser=0&hl=en&rclk=1,Reform Digital,5.0,(154),Marketing agency,·,141 Osborne St,Closed,· Opens 9 AM,·,+61 1300 713 359,http://www.reformdigital.com.au/,
https://www.google.com/maps/place/Clickmatix/data=!4m7!3m6!1s0x6ad6438ac83acdd5:0x3d2ec834e8a684bd!8m2!3d-37.8210483!4d144.9450815!16s%2Fg%2F11px7slx8x!19sChIJ1c06yIpD1moRvYSm6DTILj0?authuser=0&hl=en&rclk=1,Clickmatix,4.6,(170),Internet marketing service,·,·,Closed,· Opens 9 AM,Suite 409/838 Collins St,+61 3 9069 2027,https://www.clickmatix.com.au/?utm_source=Google&utm_medium=Organic&utm_campaign=GMB,sales@clickmatix.com.au
https://www.google.com/maps/place/Emote+Digital/data=!4m7!3m6!1s0x6ad643b4c9f3c011:0x8e7c63d7f93ff0f8!8m2!3d-37.813933!4d145.022931!16s%2Fg%2F11b6j703vk!19sChIJEcDzybRD1moR-PA_-ddjfI4?authuser=0&hl=en&rclk=1,Emote Digital,4.8,(52),Marketing agency,·,6/13 Church St,Closed,· Opens 8 AM,·,+61 3 9855 2304,https://www.emotedigital.com.au/?utm_source=mybusiness&utm_medium=organic&utm_campaign=mybusiness,hello@emotedigital.com.au
https://www.google.com/maps/place/Shout+Digital/data=!4m7!3m6!1s0x6ad64148b6cf42d1:0xa6b09bcd2feffc45!8m2!3d-37.8309024!4d145.0540576!16s%2Fg%2F1q62mtkrm!19sChIJ0ULPtkhB1moRRfzvL82bsKY?authuser=0&hl=en&rclk=1,Shout Digital,4.7,(76),Marketing agency,·,431b Riversdale Rd,Closed,· Opens 8 AM,·,+61 1300 361 244,https://www.shoutdigital.com.au/,
https://www.google.com/maps/place/Digital+Movement/data=!4m7!3m6!1s0x6ad66936265037b9:0x9f0a95fb572901fc!8m2!3d-37.8177182!4d144.9579593!16s%2Fg%2F11h9k3dglx!19sChIJuTdQJjZp1moR_AEpV_uVCp8?authuser=0&hl=en&rclk=1,Digital Movement,5.0,(98),Marketing agency,·,Level 3/480 Collins St,Closed,· Opens 9 AM,·,+61 1300 988 161,https://www.digitalmovement.com.au/,office@digitalmovement.com.au
https://www.google.com/maps/place/Defiant+Digital+Marketing+Agency/data=!4m7!3m6!1s0x6b12bb6058f09a0b:0x8d0f3340444411fc!8m2!3d-33.8769046!4d151.2085338!16s%2Fg%2F11h_vxlwhb!19sChIJC5rwWGC7EmsR_BFEREAzD40?authuser=0&hl=en&rclk=1,Defiant Digital Marketing Agency,4.9,(80),Internet marketing service,·,Level 21/133 Castlereagh St,Closed,· Opens 9 AM,·,+61 1300 997 212,https://www.defiantdigital.com.au/,
https://www.google.com/maps/place/Reef+Digital+Agency/data=!4m7!3m6!1s0x6b12aee9578a0ecb:0x275bae52364b37c!8m2!3d-33.8635921!4d151.202203!16s%2Fg%2F1pv1gwqsr!19sChIJyw6KV-muEmsRfLNkI-W6dQI?authuser=0&hl=en&rclk=1,Reef Digital Agency,4.9,(51),Marketing agency,·,·,Closed,· Opens 8:30 AM,"100 Barangaroo Avenue Tower One, Level 35, International Towers",+61 2 9412 1817,https://reefdigital.com.au/?utm_source=google&utm_medium=organic&utm_campaign=gmb-sydney,
https://www.google.com/maps/place/Onmove+Digital+Agency/data=!4m7!3m6!1s0x6b12af1dfb211fdb:0xdda887b6893ffcab!8m2!3d-33.862559!4d151.207799!16s%2Fg%2F11nfq7n80c!19sChIJ2x8h-x2vEmsRq_w_ibaHqN0?authuser=0&hl=en&rclk=1,Onmove Digital Agency,5.0,(40),Marketing agency,·,Level 32/200 George St,Closed,· Opens 8 AM,·,+61 435 400 677,https://www.onmove.com.au/,
https://www.google.com/maps/place/Jasmin+Media/data=!4m7!3m6!1s0x3ae259616e0d8969:0xa90bdbfe1ee5d47a!8m2!3d6.9120703!4d79.8557223!16s%2Fg%2F11f2ckt9_0!19sChIJaYkNbmFZ4joRetTlHv7bC6k?authuser=0&hl=en&rclk=1,Jasmin Media,4.7,(25),Marketing agency,·,61 Ananda Coomaraswamy Mawatha,Closed,· Opens 9 AM Wed,·,077 215 0505,https://jasmin-media.com/,
https://www.google.com/maps/place/Digital+Nomad+Ventures+Pvt+Ltd+%7C+SEO+%7C+Digital+Marketing+Agency/data=!4m7!3m6!1s0x3ae25955010d9941:0x8fb531cc4a0ee70b!8m2!3d6.9251566!4d79.8785083!16s%2Fg%2F11kg5wmmgq!19sChIJQZkNAVVZ4joRC-cOSswxtY8?authuser=0&hl=en&rclk=1,Digital Nomad Ventures Pvt Ltd | SEO | Digital Marketing Agency,5.0,(48),Internet marketing service,·,"Railway Ground, Baseline Rd",Closed,· Opens 8 AM Wed,·,077 569 6867,https://digitalnomadventures.com/,krish@digitalnomadventures.com
https://www.google.com/maps/place/Hello+Digital+Agency/data=!4m7!3m6!1s0x3ae259675133af09:0x9b98d31a610b5f46!8m2!3d6.9040207!4d79.8524246!16s%2Fg%2F11g9jjd2mj!19sChIJCa8zUWdZ4joRRl8LYRrTmJs?authuser=0&hl=en&rclk=1,Hello Digital Agency,5.0,(3),Marketing agency,·,377 A2,Closed,· Opens 9 AM Wed,·,0115 932 857,http://enterhello.com/,
https://www.google.com/maps/place/Aus+Digi+Solutions+%28Pvt%29+Ltd./data=!4m7!3m6!1s0x3ae257938f532d73:0x597daa9edd8b6573!8m2!3d6.9253156!4d79.9660052!16s%2Fg%2F11lvzmzf_2!19sChIJcy1Tj5NX4joRc2WL3Z6qfVk?authuser=0&hl=en&rclk=1,Aus Digi Solutions (Pvt) Ltd.,5.0,(7),Marketing agency,·,"No.417, Rohana Siril Wilathgamuwa Rd",Closed,· Opens 9 AM Wed,·,070 302 6668,http://www.ausdigisolutions.com.au/,info@ausdigisolutions.com.au
https://www.google.com/maps/place/AFFIXCON+PVT+LTD/data=!4m7!3m6!1s0x3ae25bf61c44fcc1:0xacf1af482f6af1e8!8m2!3d6.8297057!4d79.8688838!16s%2Fg%2F11j8lv1b27!19sChIJwfxEHPZb4joR6PFqL0iv8aw?authuser=0&hl=en&rclk=1,AFFIXCON PVT LTD,5.0,(1),Market researcher,·,5 Wijeratne Mawatha,Closed,· Opens 8 AM Wed,·,0112 734 660,https://affixcon.com/,info@affixcon.com
https://www.google.com/maps/place/AT+Digital+%28Pvt%29+Ltd/data=!4m7!3m6!1s0x3ae2506bdfc67de5:0xd518dd71027f8429!8m2!3d6.9361755!4d79.844069!16s%2Fg%2F11flw1qy9z!19sChIJ5X3G32tQ4joRKYR_AnHdGNU?authuser=0&hl=en&rclk=1,AT Digital (Pvt) Ltd,5.0,(8),Marketing agency,·,14 Sir Baron Jayathilaka Mw,Closed,· Opens 9 AM Wed,·,077 369 3332,https://atdigital.lk/,careers@atdigital.lk; hello@atdigital.lk
https://www.google.com/maps/place/Buzz+Connect/data=!4m7!3m6!1s0x3ae25a1cd1ac6e17:0x2e2ff168f267136!8m2!3d6.8950811!4d79.9081779!16s%2Fg%2F11hynjb761!19sChIJF26s0Rxa4joRNnEmjxb_4gI?authuser=0&hl=en&rclk=1,Buzz Connect,5.0,(7),Marketing agency,·,"A1, 1 Alakeshwara Rd",Closed,· Opens 9 AM Wed,·,077 143 7707,https://buzzconnect.lk/,
https://www.google.com/maps/place/Technical+Creatives/data=!4m7!3m6!1s0x3ae25b9a8dc7aefd:0x445ba4d713eaf35!8m2!3d6.8791639!4d79.8911059!16s%2Fg%2F11mr2dbj87!19sChIJ_a7HjZpb4joRNa8-cU26RQQ?authuser=0&hl=en&rclk=1,Technical Creatives,,,Internet marketing service,·,"Level 4, 80 Nawala Rd",Closed,· Opens 8 AM Wed,·,0117 730 155,https://www.technicalcreatives.com/,
https://www.google.com/maps/place/Artslab+Creatives/data=!4m7!3m6!1s0x3ae25bd98a42ae7b:0x566cef992a75ee0d!8m2!3d6.8934388!4d79.8617508!16s%2Fg%2F11gbnp9bcc!19sChIJe65Citlb4joRDe51KpnvbFY?authuser=0&hl=en&rclk=1,Artslab Creatives,5.0,(10),Marketing agency,·,"110-1/1 Gower Street, Havelock Rd",Closed,· Opens 9 AM Wed,·,077 838 5938,http://artslabcreatives.com/,info@artslabcreatives.com
https://www.google.com/maps/place/Insil/data=!4m7!3m6!1s0x6b12aef31f6bffb1:0x7f2e86842a6f10fd!8m2!3d-33.8391698!4d151.2079567!16s%2Fg%2F11h98w0kcm!19sChIJsf9rH_OuEmsR_RBvKoSGLn8?authuser=0&hl=en&rclk=1,Insil,4.9,(210),Marketing agency,·,"Level 13, 1303/83 Mount St",Closed,· Opens 8:30 AM,·,+61 2 8074 1656,https://www.insil.com.au/,
https://www.google.com/maps/place/Clearwater+Agency/data=!4m7!3m6!1s0x6ad6435d8bcbaca3:0xaea12393426b5939!8m2!3d-37.8282545!4d144.9966627!16s%2Fg%2F11g2wl7c02!19sChIJo6zLi11D1moROVlrQpMjoa4?authuser=0&hl=en&rclk=1,Clearwater Agency,4.9,(75),Marketing agency,·,Level 6/19 William St,Closed,· Opens 9 AM,·,+61 1300 796 122,https://clearwateragency.com.au/,hello@clearwateragency.com.au
https://www.google.com/maps/place/Surge+Global/data=!4m7!3m6!1s0x3ae2595d23a71b5f:0xa389c3bf50edb57a!8m2!3d6.912651!4d79.8514854!16s%2Fg%2F11b7gm1f21!19sChIJXxunI11Z4joRerXtUL_DiaM?authuser=0&hl=en&rclk=1,Surge Global,4.6,(46),Corporate office,·,"215 R A De Mel Mawatha, Colombo 3",Closed,· Opens 9 AM Wed,·,0112 574 822,https://surge.global/,
https://www.google.com/maps/place/Rocket+Agency/data=!4m7!3m6!1s0x6b12ae2031192005:0xc6b27d9696754f9a!8m2!3d-33.8870809!4d151.2092652!16s%2Fg%2F11c60jdw2n!19sChIJBSAZMSCuEmsRmk91lpZ9ssY?authuser=0&hl=en&rclk=1,Rocket Agency,5.0,(48),Internet marketing service,·,Level 1/137 Devonshire St,Closed,· Opens 9 AM,·,+61 1300 059 620,https://rocketagency.com.au/?utm_source=google&utm_medium=organic&utm_campaign=gmb_listing&utm_content=ra-sydney,
https://www.google.com/maps/place/Impressive/data=!4m7!3m6!1s0x6ad6428e5ead0981:0x71434b769e24dbb!8m2!3d-37.8436983!4d144.9958548!16s%2Fg%2F11cmtx1d65!19sChIJgQmtXo5C1moRu03iabc0FAc?authuser=0&hl=en&rclk=1,Impressive,4.8,(114),Internet marketing service,·,Level 4/11-13 Wilson St,Closed,· Opens 9 AM,·,+61 1300 191 943,https://impressive.com.au/,
https://www.google.com/maps/place/Digital+Nomads+HQ/data=!4m7!3m6!1s0x6b9377a0f9033aab:0x57b5beb9204d3fee!8m2!3d-26.6828077!4d153.1187357!16s%2Fg%2F11ghpz72mg!19sChIJqzoD-aB3k2sR7j9NILm-tVc?authuser=0&hl=en&rclk=1,Digital Nomads HQ,4.9,(93),Marketing agency,·,·,Closed,· Opens 8:30 AM,208/45 Brisbane Rd,+61 1300 633 100,https://www.digitalnomadshq.com.au/,hello@dnhq.com.au
https://www.google.com/maps/place/Devchans/data=!4m7!3m6!1s0x3ae25b030e0a1061:0x509cef6b76157302!8m2!3d6.8472596!4d79.8733129!16s%2Fg%2F11hynj07dq!19sChIJYRAKDgNb4joRAnMVdmvvnFA?authuser=0&hl=en&rclk=1,Devchans,,,Website designer,·,"RVWF+W84, Pallidora Rd",Closed,· Opens 8 AM Wed,·,071 473 5227,http://www.devchans.com/,info@devchans.com
https://www.google.com/maps/place/Supple+Digital+-+Melbourne/data=!4m7!3m6!1s0x6ad642f144e029eb:0xb4125c27b382e909!8m2!3d-37.8133786!4d144.9997141!16s%2Fg%2F11y0s4336!19sChIJ6yngRPFC1moRCemCsydcErQ?authuser=0&hl=en&rclk=1,Supple Digital - Melbourne,4.9,(379),Internet marketing service,·,·,Closed,· Opens 9 AM,5/84 Church St,+61 1300 787 753,https://supple.com.au/?utm_source=Google&utm_medium=gbp,
https://www.google.com/maps/place/Local+Digital/data=!4m7!3m6!1s0x6b12af922705aee9:0x330bc37b3434fbc8!8m2!3d-33.8132657!4d151.0016196!16s%2Fg%2F11b77pspy4!19sChIJ6a4FJ5KvEmsRyPs0NHvDCzM?authuser=0&hl=en&rclk=1,Local Digital,5.0,(69),Internet marketing service,·,·,Closed,· Opens 9 AM,"Suite 2, Level 4/9 George St",+61 1300 896 007,https://www.localdigital.com.au/,
https://www.google.com/maps/place/Marketix+Digital/data=!4m7!3m6!1s0x6b12a5dff9c6c04d:0x221655e8e741ad45!8m2!3d-33.8403745!4d150.9463968!16s%2Fg%2F11h022h80z!19sChIJTcDG-d-lEmsRRa1B5-hVFiI?authuser=0&hl=en&rclk=1,Marketix Digital,5.0,(44),Marketing agency,,,Closed,· Opens 9 AM,,,https://marketixdigital.com.au/,
https://www.google.com/maps/place/Emote+Digital/data=!4m7!3m6!1s0x6ad643b4c9f3c011:0x8e7c63d7f93ff0f8!8m2!3d-37.813933!4d145.022931!16s%2Fg%2F11b6j703vk!19sChIJEcDzybRD1moR-PA_-ddjfI4?authuser=0&hl=en&rclk=1,Emote Digital,4.8,(52),Marketing agency,·,6/13 Church St,Closed,· Opens 8 AM,·,+61 3 9855 2304,https://www.emotedigital.com.au/?utm_source=mybusiness&utm_medium=organic&utm_campaign=mybusiness,hello@emotedigital.com.au
https://www.google.com/maps/place/Orix+Marketing/data=!4m7!3m6!1s0x3ae2f7b9f732ef97:0x7d5accde5e9b8c10!8m2!3d7.0752742!4d79.8922689!16s%2Fg%2F12qgwdtcb!19sChIJl-8y97n34joREIybXt7MWn0?authuser=0&hl=en&rclk=1,Orix Marketing,4.5,(25),Marketing agency,·,·,Closed,· Opens 9 AM Wed,"Digital Marketing, SEO, Web Design and Advertising Agency Sri Lanka No.13, Mezzanine Level, Realty Plaza",077 377 4244,https://www.orixmarketing.lk/,billing@orixmarketing.lk; info@orixmarketing.lk
https://www.google.com/maps/place/SearchMax+Melbourne+Digital+Marketing+Agency/data=!4m7!3m6!1s0x6ad643e00886e8e3:0x9f9c0eb9fa98fd04!8m2!3d-37.818369!4d144.957255!16s%2Fg%2F11jfq2qrj9!19sChIJ4-iGCOBD1moRBP2Y-rkOnJ8?authuser=0&hl=en&rclk=1,SearchMax Melbourne Digital Marketing Agency,4.8,(20),Marketing agency,·,Level 21/567 Collins St,Closed,· Opens 9 AM,·,+61 1300 986 744,https://www.searchmax.com.au/,
https://www.google.com/maps/place/Digiwhiz/data=!4m7!3m6!1s0x6ad669525c034027:0xd1f26f96a574893f!8m2!3d-32.205415!4d136.1073692!16s%2Fg%2F12m97lpd3!19sChIJJ0ADXFJp1moRP4l0pZZv8tE?authuser=0&hl=en&rclk=1,Digiwhiz,4.8,(76),Internet marketing service,·,,Closed,· Opens 9 AM,,+61 3 9935 6356,https://www.digiwhiz.com.au/,
https://www.google.com/maps/place/Aston+Digital/data=!4m7!3m6!1s0x6ad65d4c464d74fd:0xa966d06c6d422e3a!8m2!3d-37.8169016!4d144.9571179!16s%2Fg%2F12ht4v1_2!19sChIJ_XRNRkxd1moROi5CbWzQZqk?authuser=0&hl=en&rclk=1,Aston Digital,5.0,(24),Marketing agency,·,"Exchange Tower, Level 1/530 Little Collins St",Closed,· Opens 8:30 AM,·,+61 1300 297 716,https://astondigital.com.au/,
https://www.google.com/maps/place/Shout+Digital/data=!4m7!3m6!1s0x6ad64148b6cf42d1:0xa6b09bcd2feffc45!8m2!3d-37.8309024!4d145.0540576!16s%2Fg%2F1q62mtkrm!19sChIJ0ULPtkhB1moRRfzvL82bsKY?authuser=0&hl=en&rclk=1,Shout Digital,4.7,(76),Marketing agency,·,431b Riversdale Rd,Closed,· Opens 8 AM,·,+61 1300 361 244,https://www.shoutdigital.com.au/,
https://www.google.com/maps/place/Clickmatix/data=!4m7!3m6!1s0x6ad6438ac83acdd5:0x3d2ec834e8a684bd!8m2!3d-37.8210483!4d144.9450815!16s%2Fg%2F11px7slx8x!19sChIJ1c06yIpD1moRvYSm6DTILj0?authuser=0&hl=en&rclk=1,Clickmatix,4.6,(170),Internet marketing service,·,·,Closed,· Opens 9 AM,Suite 409/838 Collins St,+61 3 9069 2027,https://www.clickmatix.com.au/?utm_source=Google&utm_medium=Organic&utm_campaign=GMB,sales@clickmatix.com.au
https://www.google.com/maps/place/Direct+Clicks+%7C+Digital+Marketing+Agency/data=!4m7!3m6!1s0x6b12aef294338a13:0xbefdfdba7a15fda4!8m2!3d-33.8685372!4d151.2050079!16s%2Fg%2F1hc2d5j9r!19sChIJE4ozlPKuEmsRpP0Verr9_b4?authuser=0&hl=en&rclk=1,Direct Clicks | Digital Marketing Agency,4.9,(115),Internet marketing service,·,·,Closed,· Opens 9 AM,"Suite 4, Level 9/171 Clarence St",+61 1800 007 089,https://directclicks.com.au/?utm_source=google&utm_medium=organic&utm_campaign=gmb,accounts@dawsonmedia.com.au; info@directclicks.com.au
https://www.google.com/maps/place/Boostable+Marketing+Agency+Melbourne/data=!4m7!3m6!1s0x6b26dbb1295fc1d9:0xffc66d420649a40f!8m2!3d-37.813716!4d144.960399!16s%2Fg%2F11qynyvx1k!19sChIJ2cFfKbHbJmsRD6RJBkJtxv8?authuser=0&hl=en&rclk=1,Boostable Marketing Agency Melbourne,5.0,(30),Marketing agency,·,LVl 13/200 Queen St,Open 24 hours,,·,+61 492 834 777,https://boostable.com.au/,
"https://www.google.com/maps/place/NuKind+Digital+-+Digital+Marketing+Agency+Melbourne,+Australia/data=!4m7!3m6!1s0x6ad65d242d73f8c9:0x64deadf8e46725f6!8m2!3d-37.8177615!4d144.9553974!16s%2Fg%2F11j9gmthjp!19sChIJyfhzLSRd1moR9iVn5Pit3mQ?authuser=0&hl=en&rclk=1","NuKind Digital - Digital Marketing Agency Melbourne, Australia",5.0,(45),Marketing agency,·,·,Closed,· Opens 10 AM,Suite 428/585 Little Collins St,+61 1300 710 951,https://nukindigital.com.au/?utm_source=google&utm_medium=organic&utm_campaign=gmb,
https://www.google.com/maps/place/Blue+Canvas+Media+-+Sri+Lanka/data=!4m7!3m6!1s0x44d21a994715aaf7:0x490089cdcfd9d18e!8m2!3d6.9185067!4d79.9249127!16s%2Fg%2F11x1ldkcxv!19sChIJ96oVR5ka0kQRjtHZz82JAEk?authuser=0&hl=en&rclk=1,Blue Canvas Media - Sri Lanka,,,Design agency,·,"47, 7 Walpola Rd",Closed,· Opens 9 AM Wed,·,070 744 4439,https://bluecanvasmedia.com/,sales@bluecanvasmedia.com
https://www.google.com/maps/place/Defiant+Digital+Marketing+Agency/data=!4m7!3m6!1s0x6b12bb6058f09a0b:0x8d0f3340444411fc!8m2!3d-33.8769046!4d151.2085338!16s%2Fg%2F11h_vxlwhb!19sChIJC5rwWGC7EmsR_BFEREAzD40?authuser=0&hl=en&rclk=1,Defiant Digital Marketing Agency,4.9,(80),Internet marketing service,·,Level 21/133 Castlereagh St,Closed,· Opens 9 AM,·,+61 1300 997 212,https://www.defiantdigital.com.au/,
https://www.google.com/maps/place/Dils+Digital/data=!4m7!3m6!1s0x3ae24dff9cd9ac9b:0x60bb0051a46c909b!8m2!3d6.7978384!4d80.0415929!16s%2Fg%2F11wffmz6z1!19sChIJm6zZnP9N4joRm5BspFEAu2A?authuser=0&hl=en&rclk=1,Dils Digital,5.0,(3),Marketing agency,·,Gonapola - Thalagala Rd,Closed,· Opens 8 AM Wed,·,077 785 2755,https://www.dilsdigital.com/,
https://www.google.com/maps/place/SIXGUN+-+SEO+%26+Digital+Marketing+Agency/data=!4m7!3m6!1s0x6ad642b3401cd115:0xf3ac833a1f08efd2!8m2!3d-37.8131707!4d144.9987059!16s%2Fg%2F11f15j60tp!19sChIJFdEcQLNC1moR0u8IHzqDrPM?authuser=0&hl=en&rclk=1,SIXGUN - SEO & Digital Marketing Agency,5.0,(95),Marketing agency,·,·,Closed,· Opens 9 AM,Unit 7/1 Bromham Pl,+61 1300 127 361,https://sixgun.com.au/?utm_source=google&utm_medium=organic&utm_campaign=gmb,
https://www.google.com/maps/place/Digital+Movement/data=!4m7!3m6!1s0x6ad66936265037b9:0x9f0a95fb572901fc!8m2!3d-37.8177182!4d144.9579593!16s%2Fg%2F11h9k3dglx!19sChIJuTdQJjZp1moR_AEpV_uVCp8?authuser=0&hl=en&rclk=1,Digital Movement,5.0,(98),Marketing agency,·,Level 3/480 Collins St,Closed,· Opens 9 AM,·,+61 1300 988 161,https://www.digitalmovement.com.au/,office@digitalmovement.com.au
https://www.google.com/maps/place/Nifty+Marketing+Australia/data=!4m7!3m6!1s0x6b12a54629e77cc3:0x99c6781b99a2ed0e!8m2!3d-33.8465382!4d151.0725533!16s%2Fg%2F11h6symymv!19sChIJw3znKUalEmsRDu2imRt4xpk?authuser=0&hl=en&rclk=1,Nifty Marketing Australia,4.8,(44),Marketing agency,·,11 Australia Ave,Closed,· Opens 9 AM,·,+61 1300 164 389,https://niftymarketing.com.au/,
https://www.google.com/maps/place/Onmove+Digital+Agency/data=!4m7!3m6!1s0x6b12af1dfb211fdb:0xdda887b6893ffcab!8m2!3d-33.862559!4d151.207799!16s%2Fg%2F11nfq7n80c!19sChIJ2x8h-x2vEmsRq_w_ibaHqN0?authuser=0&hl=en&rclk=1,Onmove Digital Agency,5.0,(40),Marketing agency,·,Level 32/200 George St,Closed,· Opens 8 AM,·,+61 435 400 677,https://www.onmove.com.au/,
https://www.google.com/maps/place/Reef+Digital+Agency/data=!4m7!3m6!1s0x6b12aee9578a0ecb:0x275bae52364b37c!8m2!3d-33.8635921!4d151.202203!16s%2Fg%2F1pv1gwqsr!19sChIJyw6KV-muEmsRfLNkI-W6dQI?authuser=0&hl=en&rclk=1,Reef Digital Agency,4.9,(51),Marketing agency,·,·,Closed,· Opens 8:30 AM,"100 Barangaroo Avenue Tower One, Level 35, International Towers",+61 2 9412 1817,https://reefdigital.com.au/?utm_source=google&utm_medium=organic&utm_campaign=gmb-sydney,
https://www.google.com/maps/place/Prosperity+Media/data=!4m7!3m6!1s0x6b12ae3dc463f989:0x7170bd1265398d0c!8m2!3d-33.8847078!4d151.2099723!16s%2Fg%2F1z3tbkr19!19sChIJifljxD2uEmsRDI05ZRK9cHE?authuser=0&hl=en&rclk=1,Prosperity Media,5.0,(67),Internet marketing service,·,Level 3/58-62 Kippax St,Closed,· Opens 9 AM,·,+61 1300 886 452,https://prosperitymedia.com.au/?utm_source=google_maps&utm_medium=organic&utm_campaign=local,
https://www.google.com/maps/place/Eloquent/data=!4m7!3m6!1s0x6b12b1d948c28063:0x99becf76736b492c!8m2!3d-33.8637025!4d151.2020765!16s%2Fg%2F11f_j3hdjz!19sChIJY4DCSNmxEmsRLElrc3bPvpk?authuser=0&hl=en&rclk=1,Eloquent,5.0,(43),Marketing agency,·,"Level 35, Tower One/100 Barangaroo Ave",Closed,· Opens 8 AM,·,+61 1300 265 233,http://eloquent.com.au/,
https://www.google.com/maps/place/Alpha+Digital/data=!4m7!3m6!1s0x6b91574d3fce91c7:0x4694216903bea92b!8m2!3d-27.4532282!4d153.0321516!16s%2Fg%2F11_sv6525!19sChIJx5HOP01XkWsRK6m-A2khlEY?authuser=0&hl=en&rclk=1,Alpha Digital,4.9,(28),Marketing agency,·,15 Anderson St,Closed,· Opens 8:30 AM,·,+61 1300 957 816,https://www.alphadigital.com.au/?utm_campaign=GMB&utm_source=gmb&utm_medium=link,
https://www.google.com/maps/place/eMarket+Experts/data=!4m7!3m6!1s0x6ad669b85c9c1bb3:0x40451487fefd38e7!8m2!3d-37.8516798!4d144.9804293!16s%2Fg%2F11bbrkkdky!19sChIJsxucXLhp1moR5zj9_ocURUA?authuser=0&hl=en&rclk=1,eMarket Experts,4.9,(110),Internet marketing service,·,·,Closed,· Opens 9 AM,"West Tower, Level 2/608 St Kilda Rd",+61 1300 339 170,https://www.emarketexperts.com.au/?utm_source=Google&utm_medium=Organic&utm_campaign=GMB,info@emarketexperts.com.au
https://www.google.com/maps/place/Reform+Digital/data=!4m7!3m6!1s0x6ad615d6f26d0dd1:0x87f6e116c060f758!8m2!3d-37.8394016!4d144.9913526!16s%2Fg%2F11k780rtpt!19sChIJ0Q1t8tYV1moRWPdgwBbh9oc?authuser=0&hl=en&rclk=1,Reform Digital,5.0,(154),Marketing agency,·,141 Osborne St,Closed,· Opens 9 AM,·,+61 1300 713 359,http://www.reformdigital.com.au/,
https://www.google.com/maps/place/Clickbiz+Australia+%E2%80%93+Digital+Marketing+Agency/data=!4m7!3m6!1s0x6b129f511d08850b:0xe660d13a5714ab8!8m2!3d-33.7351498!4d150.9461819!16s%2Fg%2F11c206w09f!19sChIJC4UIHVGfEmsRuEpxpRMNZg4?authuser=0&hl=en&rclk=1,Clickbiz Australia – Digital Marketing Agency,4.7,(59),Internet marketing service,·,"306, Level 3/20-B Lexington Dr",Closed,· Opens 9 AM,·,+61 1800 096 621,http://www.clickbiz.com.au/,info@clickbiz.com.au
https://www.google.com/maps/place/Soup+Agency/data=!4m7!3m6!1s0x6b12afd8dfefb71f:0x70a329e2a4a64e91!8m2!3d-33.8718762!4d151.206269!16s%2Fg%2F11h4ms23cj!19sChIJH7fv39ivEmsRkU6mpOIpo3A?authuser=0&hl=en&rclk=1,Soup Agency,3.9,(12),Marketing agency,·,3/127 York St,Closed,· Opens 9 AM,·,+61 2 5943 7597,http://soupagency.com.au/,
https://www.google.com/maps/place/The+New+Trends+-+TNT/data=!4m7!3m6!1s0x3ae2f93126764c2d:0xd08ff02b38ff179b!8m2!3d6.8924645!4d79.8722544!16s%2Fg%2F11jcl7vck6!19sChIJLUx2JjH54joRmxf_OCvwj9A?authuser=0&hl=en&rclk=1,The New Trends - TNT,5.0,(8),Marketing agency,·,·,Closed,· Opens 9 AM Wed,"18/3 1/1 Pathiba Road, Col 5",,,
https://www.google.com/maps/place/Intentional+%7C+Digital+Creative+%26+Media+Buying+Agency/data=!4m7!3m6!1s0x6ad64303d7736b09:0x4add9f508f0ce604!8m2!3d-37.808833!4d145.1080097!16s%2Fg%2F11f8jxqjwz!19sChIJCWtz1wND1moRBOYMj1Cf3Uo?authuser=0&hl=en&rclk=1,Intentional | Digital Creative & Media Buying Agency,4.8,(6),Marketing agency,·,16 Arcade Rd,Closed,· Opens 8 AM,·,+61 1300 710 678,https://intention.al/?utm_source=GMB&utm_medium=organic,hello@intention.al
https://www.google.com/maps/place/Boost+Social+Media/data=!4m7!3m6!1s0x6b9105c88c8c7e31:0x64904acbd5f1c504!8m2!3d-28.0035042!4d153.4280939!16s%2Fg%2F11ghnbzffh!19sChIJMX6MjMgFkWsRBMXx1ctKkGQ?authuser=0&hl=en&rclk=1,Boost Social Media,4.9,(95),Marketing agency,·,"Level 4, suite 16/3 Alison St",Closed,· Opens 8 AM,·,+61 417 646 467,https://boostsocialmedia.com.au/,
https://www.google.com/maps/place/First+Page+Melbourne/data=!4m7!3m6!1s0x6ad6428c2b4fffff:0xd19eee9ef63d8720!8m2!3d-37.8330017!4d144.9964425!16s%2Fg%2F11r9vb1dmj!19sChIJ__9PK4xC1moRIIc99p7untE?authuser=0&hl=en&rclk=1,First Page Melbourne,4.9,(97),Marketing agency,·,Building 1/658 Church St,Closed,· Opens 9 AM,·,+61 1300 479 226,https://firstpage.com.au/?utm_source=Google&utm_medium=Organic&utm_campaign=gmb,
https://www.google.com/maps/place/Mass+Marketing+and+Advertising+Agency./data=!4m7!3m6!1s0x3ae2f0c2e4e9e0ff:0x5bc60bec612dba90!8m2!3d7.0876596!4d79.8877127!16s%2Fg%2F11bc7p529l!19sChIJ_-Dp5MLw4joRkLotYewLxls?authuser=0&hl=en&rclk=1,Mass Marketing and Advertising Agency.,5.0,(1),Advertising agency,·,84 Dr.Migel Senewirathne Mawatha,,,,0112 226 650,http://worldofmass.com/,
https://www.google.com/maps/place/Visual+Marketing+Australia/data=!4m7!3m6!1s0x6b9112469c8096d9:0xa662a661639071f7!8m2!3d-28.0060496!4d153.4117679!16s%2Fg%2F1tczkn9z!19sChIJ2ZaAnEYSkWsR93GQY2GmYqY?authuser=0&hl=en&rclk=1,Visual Marketing Australia,4.9,(56),Internet marketing service,·,4/55 Upton St,Closed,· Opens 9 AM,·,+61 1300 158 708,https://www.visualmarketing.com.au/,
https://www.google.com/maps/place/Australian+Internet+Advertising+%7C+Custom+Website+Design+%26+Digital+Marketing/data=!4m7!3m6!1s0x6b12a8812afca3b3:0xb5f8f74921f6768c!8m2!3d-33.8230115!4d151.1950574!16s%2Fg%2F11b6pzksw8!19sChIJs6P8KoGoEmsRjHb2IUn3-LU?authuser=0&hl=en&rclk=1,Australian Internet Advertising | Custom Website Design & Digital Marketing,4.7,(120),Internet marketing service,·,502/657 Pacific Hwy,Closed,· Opens 8:30 AM,·,+61 1300 304 640,https://aiad.com.au/?utm_source=gmb&utm_medium=referral,
https://www.google.com/maps/place/One+Stop+Media+Digital+Marketing+Agency+Melbourne/data=!4m7!3m6!1s0x6ad65d4c478de8e7:0x81863450bceed0af!8m2!3d-37.8294022!4d144.9619702!16s%2Fg%2F1q5gkm9r7!19sChIJ5-iNR0xd1moRr9DuvFA0hoE?authuser=0&hl=en&rclk=1,One Stop Media Digital Marketing Agency Melbourne,4.9,(34),Marketing agency,·,·,Closed,· Opens 8:30 AM,101 Moray St,+61 1300 305 619,https://onestopmedia.com.au/,
https://www.google.com/maps/place/Marketing+Station+Australia/data=!4m7!3m6!1s0x6b0d4fad92d81577:0x92b94e9bced80b85!8m2!3d-32.205415!4d148.57561!16s%2Fg%2F11f3zj2frn!19sChIJdxXYkq1PDWsRhQvYzptOuZI?authuser=0&hl=en&rclk=1,Marketing Station Australia,5.0,(25),Internet marketing service,·,,Closed,· Opens 9 AM,,+61 1300 115 623,https://marketingstation.com.au/,
https://www.google.com/maps/place/MyFees.lk/data=!4m7!3m6!1s0x3ae25b29ac6b0d67:0xeeb5bc4bddba6f0!8m2!3d7.857685!4d80.70625!16s%2Fg%2F11jm6wq9k1!19sChIJZw1rrClb4joR8KbbvcRb6w4?authuser=0&hl=en&rclk=1,MyFees.lk,4.8,(8),Internet marketing service,,,,,,0114 345 888,https://myfees.lk/,support@myfees.lk
https://www.google.com/maps/place/Excite+Media/data=!4m7!3m6!1s0x6b9151b1c38eac43:0xc3e89c264834104f!8m2!3d-27.4870021!4d152.990578!16s%2Fg%2F1q2v_rxtr!19sChIJQ6yOw7FRkWsRTxA0SCac6MM?authuser=0&hl=en&rclk=1,Excite Media,5.0,(190),Internet marketing service,·,·,Closed,· Opens 8 AM,Level 1/67 High St,+61 1300 392 483,https://www.excitemedia.com.au/?utm_source=google&utm_medium=organic&utm_campaign=gmb,
https://www.google.com/maps/place/Eight+Clients/data=!4m7!3m6!1s0x6ad65d4cbb1ce1b7:0x19d20a1fac030f2b!8m2!3d-37.8146467!4d144.9637573!16s%2Fg%2F11bv_dhst2!19sChIJt-Ecu0xd1moRKw8DrB8K0hk?authuser=0&hl=en&rclk=1,Eight Clients,5.0,(66),Marketing agency,·,·,Closed,· Opens 8 AM,Level 4/152 Elizabeth St,+61 1300 885 479,http://eightclients.com.au/,
https://www.google.com/maps/place/Bang+Digital/data=!4m7!3m6!1s0x2a32a548300579e3:0x748a6e0e5613a377!8m2!3d-31.9397023!4d115.8460672!16s%2Fg%2F1tcz0794!19sChIJ43kFMEilMioRd6MTVg5uinQ?authuser=0&hl=en&rclk=1,Bang Digital,4.9,(31),Internet marketing service,·,591 Newcastle St,Closed,· Opens 9 AM,·,+61 8 9328 7000,https://www.bangdigital.com.au/?utm_source=google&utm_medium=organic&utm_campaign=GMB,campaign@bangdigital.com.au
https://www.google.com/maps/place/Sydney+Digital+Marketing/data=!4m7!3m6!1s0x6b12ae6a1aa5e96b:0xbd639cae13ef5f3c!8m2!3d-33.8684088!4d151.2073994!16s%2Fg%2F11b7ftl57g!19sChIJa-mlGmquEmsRPF_vE66cY70?authuser=0&hl=en&rclk=1,Sydney Digital Marketing,4.8,(41),Marketing agency,·,·,Closed,· Opens 8:30 AM,"The Commons, Suite 66/388 George St",+61 2 8261 0966,https://sydneydigitalmarketing.com.au/?utm_source=google&utm_medium=organic&utm_campaign=gmb-profile-sydney,
https://www.google.com/maps/place/Media+Booth%C2%AE/data=!4m7!3m6!1s0x6b911aac29055bff:0x8ec7c3e1bb3a21f3!8m2!3d-27.9802496!4d153.3862664!16s%2Fg%2F11cjj7xx73!19sChIJ_1sFKawakWsR8yE6u-HDx44?authuser=0&hl=en&rclk=1,Media Booth®,4.9,(22),Marketing agency,·,·,Closed,· Opens 8 AM,4A/20 Expo Ct,+61 1300 012 346,https://mediabooth.com.au/?utm_source=gmb&utm_medium=organic&utm_campaign=main_button,
https://www.google.com/maps/place/N.N+Corps+Marketing+Agency/data=!4m7!3m6!1s0x2670d17f8098baa5:0xf7cdb5e690ea5ab3!8m2!3d-22.6445238!4d119.3913562!16s%2Fg%2F11vjp54l2b!19sChIJpbqYgH_RcCYRs1rqkOa1zfc?authuser=0&hl=en&rclk=1,N.N Corps Marketing Agency,,,Marketing agency,·,,Closed,· Opens 10 AM,,+64 4 999 7703,https://www.nncorps.com/,
https://www.google.com/maps/place/SERV.+Agency/data=!4m7!3m6!1s0x6b12afded8980af5:0x2f5158eb8d6712d0!8m2!3d-33.8704474!4d151.2087267!16s%2Fg%2F11fm_135_z!19sChIJ9QqY2N6vEmsR0BJnjetYUS8?authuser=0&hl=en&rclk=1,SERV. Agency,5.0,(69),Marketing agency,·,·,Open 24 hours,,Level 5/100 Market St,+61 466 064 902,https://servagency.com.au/,clive@servagency.com.au
https://www.google.com/maps/place/The+Hype+Marketing+Agency/data=!4m7!3m6!1s0x6b12a374ea1af77d:0xb15165cbe48bcb3!8m2!3d-33.8162174!4d151.0035446!16s%2Fg%2F11sf424jr5!19sChIJffca6nSjEmsRs7xIvlwWFQs?authuser=0&hl=en&rclk=1,The Hype Marketing Agency,5.0,(35),Marketing consultant,·,49th Floor/8 Parramatta Sq,Closed,· Opens 9 AM,,,https://www.the-hype.com.au/,
https://www.google.com/maps/place/Q+Agency/data=!4m7!3m6!1s0x6b128fdf5489fd85:0xc1c86251ff441afe!8m2!3d-33.7366529!4d150.69442!16s%2Fg%2F11p5rd5kk4!19sChIJhf2JVN-PEmsR_hpE_1FiyME?authuser=0&hl=en&rclk=1,Q Agency,5.0,(225),Marketing agency,·,·,Closed,· Opens 9 AM,T10/2115 Castlereagh Rd,+61 1300 087 136,https://www.qagency.com.au/,
https://www.google.com/maps/place/AdVisible/data=!4m7!3m6!1s0x6b12a608816d169f:0xd24a06cc89317a52!8m2!3d-33.8682645!4d151.2037785!16s%2Fg%2F12m8ysjv7!19sChIJnxZtgQimEmsRUnoxicwGStI?authuser=0&hl=en&rclk=1,AdVisible,4.9,(120),Internet marketing service,·,·,Closed,· Opens 9 AM,"Suite 302, Level 3/120 Sussex St",+61 1300 812 447,https://advisible.com.au/?utm_source=google&utm_medium=organic&utm_campaign=gmb,welcome@advisible.com.au
https://www.google.com/maps/place/Bloom+Digital/data=!4m7!3m6!1s0x2a32a424952a62a7:0xee9d768ca0eca3b7!8m2!3d-31.9501959!4d115.8253265!16s%2Fg%2F11f_lsmmfs!19sChIJp2IqlSSkMioRt6PsoIx2ne4?authuser=0&hl=en&rclk=1,Bloom Digital,5.0,(53),Marketing agency,·,·,Closed,· Opens 9 AM,"16, Level 2/210 Bagot Rd",+61 8 9384 0637,https://bloomdigital.net.au/?utm_source=google&utm_medium=organic&utm_campaign=gbp,
https://www.google.com/maps/place/Fresh+Digital+Australia/data=!4m7!3m6!1s0x6b910335aa6eedc1:0x9ba3677d10c90ed3!8m2!3d-32.205415!4d148.57561!16s%2Fg%2F11by_h0rbb!19sChIJwe1uqjUDkWsR0w7JEH1no5s?authuser=0&hl=en&rclk=1,Fresh Digital Australia,4.7,(67),Internet marketing service,·,,Closed,· Opens 9 AM,,+61 1300 720 265,https://www.freshdigital.com.au/?utm_source=google&utm_medium=gmb&utm_campaign=local-search,sales@freshdigital.com.au
https://www.google.com/maps/place/Digital+Spark+Australia+%7C+Digital+Marketing+Agency+in+Sydney/data=!4m7!3m6!1s0x4fbaf6d456d37691:0x71b750f792e66321!8m2!3d-33.9191326!4d151.0651264!16s%2Fg%2F11wj5gsvsf!19sChIJkXbTVtT2uk8RIWPmkvdQt3E?authuser=0&hl=en&rclk=1,Digital Spark Australia | Digital Marketing Agency in Sydney,5.0,(23),Marketing agency,·,57 Shadforth St,Closed,· Opens 9 AM,·,+61 426 418 350,https://digitalsparks.com.au/,
https://www.google.com/maps/place/AX+Digital/data=!4m7!3m6!1s0x6ad5b565317422c5:0xb719acba6f4ae22c!8m2!3d-37.8118946!4d144.9008355!16s%2Fg%2F11c1ty7x2j!19sChIJxSJ0MWW11WoRLOJKb7qsGbc?authuser=0&hl=en&rclk=1,AX Digital,4.9,(52),Internet marketing service,·,3 Harris St,Closed,· Opens 9 AM,·,+61 1300 524 694,https://axdigital.com.au/,
https://www.google.com/maps/place/Daisy+Digital/data=!4m7!3m6!1s0x2a32ab6f8adc52a7:0x3aaf12045c1541d0!8m2!3d-31.9373071!4d115.8424965!16s%2Fg%2F1tlz8rkl!19sChIJp1Lcim-rMioR0EEVXAQSrzo?authuser=0&hl=en&rclk=1,Daisy Digital,4.8,(43),Marketing agency,·,3/224 Carr Pl,Closed,· Opens 8 AM,·,+61 8 9228 2088,https://daisydigital.com.au/?utm_source=GoogleMyBusiness&utm_medium=organic&utm_campaign=GMBWebsiteClicks,
https://www.google.com/maps/place/Cloud+Content+Marketing+Private+Limited/data=!4m7!3m6!1s0x3ae36b0513612c79:0xf5f2997fce6f91a!8m2!3d7.2653558!4d80.5255261!16s%2Fg%2F11l4xdj1lw!19sChIJeSxhEwVr4zoRGvnm_JcpXw8?authuser=0&hl=en&rclk=1,Cloud Content Marketing Private Limited,5.0,(92),Marketing agency,·,No.525 Kandangama,Open 24 hours,,·,071 590 8220,http://www.cloudcontentmarketing.com/,
https://www.google.com/maps/place/Zeal+Digital/data=!4m7!3m6!1s0x6b12a3cfa635f85d:0x27a48199fe11a5d8!8m2!3d-33.8138225!4d151.0091444!16s%2Fg%2F11gjh21yh2!19sChIJXfg1ps-jEmsR2KUR_pmBpCc?authuser=0&hl=en&rclk=1,Zeal Digital,4.9,(110),Internet marketing service,·,·,Closed,· Opens 9:30 AM,111 Phillip St,+61 1300 269 414,https://www.zealdigital.com.au/seo-agency-sydney/?utm_source=local&utm_medium=Organic&utm_campaign=gmb&utm_content=website,info@zealdigital.com.au
https://www.google.com/maps/place/Planet+Media/data=!4m7!3m6!1s0x6b17b4b8c0f1f583:0x856a5f072345d07b!8m2!3d-35.2803704!4d149.1321431!16s%2Fg%2F11b6p4ylg4!19sChIJg_XxwLi0F2sRe9BFIwdfaoU?authuser=0&hl=en&rclk=1,Planet Media,4.9,(38),Marketing agency,·,·,Closed,· Opens 9 AM,"City Plaza, 207/222 City Walk",+61 1300 811 489,https://planetmedia.com.au/?utm_source=google&utm_medium=gbp&utm_campaign=website,hello@planetmedia.com.au
https://www.google.com/maps/place/Bench+Media/data=!4m7!3m6!1s0x6b12aee8fd91cdad:0xce5bda5b633f4c68!8m2!3d-33.8397911!4d151.2069955!16s%2Fg%2F1pp2v0jjr!19sChIJrc2R_eiuEmsRaEw_Y1vaW84?authuser=0&hl=en&rclk=1,Bench Media,4.7,(13),Marketing agency,·,·,Closed,· Opens 9 AM,Level 32/101 Miller St,+61 2 8412 3600,http://www.benchmedia.com/,
https://www.google.com/maps/place/Sparro+by+Brainlabs/data=!4m7!3m6!1s0x6b12addfd322a06d:0xcc261a671d352203!8m2!3d-33.8778667!4d151.2015717!16s%2Fg%2F1tggtp8l!19sChIJbaAi09-tEmsRAyI1HWcaJsw?authuser=0&hl=en&rclk=1,Sparro by Brainlabs,4.8,(18),Internet marketing service,·,·,Closed,· Opens 8:30 AM,Level 12/35 Tumbalong Bvd,+61 2 9212 7040,http://sparro.com.au/?utm_medium=organic&utm_source=google-places,
https://www.google.com/maps/place/The+New+Trends+-+TNT/data=!4m7!3m6!1s0x3ae2f93126764c2d:0xd08ff02b38ff179b!8m2!3d6.8924645!4d79.8722544!16s%2Fg%2F11jcl7vck6!19sChIJLUx2JjH54joRmxf_OCvwj9A?authuser=0&hl=en&rclk=1,The New Trends - TNT,5.0,(8),Marketing agency,·,·,Closed,· Opens 9 AM Wed,"18/3 1/1 Pathiba Road, Col 5",,,
https://www.google.com/maps/place/The+Marketing+Mix/data=!4m7!3m6!1s0x2a32af7599b3408b:0xe0fbd494f58d7f84!8m2!3d-31.9414631!4d115.8417143!16s%2Fg%2F1tnpbv38!19sChIJi0CzmXWvMioRhH-N9ZTU--A?authuser=0&hl=en&rclk=1,The Marketing Mix,4.9,(17),Marketing agency,·,Unit 2/38 Oxford Cl,Closed,· Opens 8:30 AM,·,+61 8 6116 8110,https://www.marketingmix.com.au/,info@marketingmix.com.au
https://www.google.com/maps/place/King+Kong/data=!4m7!3m6!1s0x6ad64283bab5599f:0x6200fa347632ca57!8m2!3d-37.8386229!4d144.9975742!16s%2Fg%2F11b5wk63ct!19sChIJn1m1uoNC1moRV8oydjT6AGI?authuser=0&hl=en&rclk=1,King Kong,4.6,(577),Internet marketing service,·,·,Closed,· Opens 9 AM,Level 1/12 River St,+61 1300 858 250,https://kingkong.co/,
https://www.google.com/maps/place/XLR8+Media/data=!4m7!3m6!1s0x6b12af2c66ba9e05:0xd12937721718443c!8m2!3d-33.8666739!4d151.2096645!16s%2Fg%2F11hfyyyjnv!19sChIJBZ66ZiyvEmsRPEQYF3I3KdE?authuser=0&hl=en&rclk=1,XLR8 Media,5.0,(75),Advertising agency,·,Level 17/9 Castlereagh St,Closed,· Opens 9 AM,·,+61 2 8287 3333,http://www.xlr8.media/,
https://www.google.com/maps/place/James+Agency+-+Property+Marketing+Agency+Sydney/data=!4m7!3m6!1s0x6b12ae41ac0a431d:0xa83c9c0f2df39363!8m2!3d-33.8747557!4d151.204211!16s%2Fg%2F1tt0r8hv!19sChIJHUMKrEGuEmsRY5PzLQ-cPKg?authuser=0&hl=en&rclk=1,James Agency - Property Marketing Agency Sydney,5.0,(13),Marketing agency,·,309 Sussex St,Closed,· Opens 9 AM,·,+61 2 9224 6200,https://james.agency/,
https://www.google.com/maps/place/Sway+Digital+Agency/data=!4m7!3m6!1s0x6ad60d3a8cd36a3d:0xcd8abaa98ccbc338!8m2!3d-32.205415!4d136.1073692!16s%2Fg%2F11qp2m5f80!19sChIJPWrTjDoN1moROMPLjKm6is0?authuser=0&hl=en&rclk=1,Sway Digital Agency,4.9,(33),Marketing agency,,,,,,+61 421 226 650,https://www.swaydigitalagency.com/,
https://www.google.com/maps/place/Rock+Agency/data=!4m7!3m6!1s0x6ad64282d028d4e3:0x90a0cb90a949a0cc!8m2!3d-37.8264704!4d144.9932282!16s%2Fg%2F11g8_65mt1!19sChIJ49Qo0IJC1moRzKBJqZDLoJA?authuser=0&hl=en&rclk=1,Rock Agency,4.9,(50),Marketing agency,·,Level 1/28-30 Stephenson St,Closed,· Opens 9 AM,·,+61 3 8840 0841,https://rockagency.com.au/,
https://www.google.com/maps/place/Melbourne+Social+Co/data=!4m7!3m6!1s0x6ad64324c14f6ac7:0xcd29d3b84eb9284b!8m2!3d-37.8132363!4d144.9609117!16s%2Fg%2F11c749xmyj!19sChIJx2pPwSRD1moRSyi5TrjTKc0?authuser=0&hl=en&rclk=1,Melbourne Social Co,5.0,(41),Marketing agency,·,·,Closed,· Opens 9 AM,Unit 5/67-73 Hardware Ln,+61 1300 386 165,https://www.melbournesocialco.com.au/,enquiries@melbournesocialco.com.au
https://www.google.com/maps/place/Sydney+Digital+Agency/data=!4m7!3m6!1s0x6b12a33fb48b5453:0x72019faa8bc345ee!8m2!3d-33.8720992!4d151.2255854!16s%2Fg%2F11fy4yzsr_!19sChIJU1SLtD-jEmsR7kXDi6qfAXI?authuser=0&hl=en&rclk=1,Sydney Digital Agency,4.8,(19),Marketing agency,·,104/50-58 Macleay St,Closed,· Opens 9 AM,·,+61 1300 350 534,https://sydneydigitalagency.com.au/,
https://www.google.com/maps/place/Efficient+Media+%7C+Digital+Marketing+Agency/data=!4m7!3m6!1s0x6b12ae1f3feda495:0x6b5749942ba18aed!8m2!3d-33.8805107!4d151.2112439!16s%2Fg%2F11bycfg_j_!19sChIJlaTtPx-uEmsR7YqhK5RJV2s?authuser=0&hl=en&rclk=1,Efficient Media | Digital Marketing Agency,5.0,(32),Marketing agency,·,4/91 Campbell St,Closed,· Opens 9 AM,,,http://www.efficientmedia.com.au/,
https://www.google.com/maps/place/oa+agency/data=!4m7!3m6!1s0x6b12b164cf518e2b:0x232f33a272cedebd!8m2!3d-33.9108157!4d151.2125053!16s%2Fg%2F1tcz_pbq!19sChIJK45Rz2SxEmsRvd7OcqIzLyM?authuser=0&hl=en&rclk=1,oa agency,4.9,(57),Marketing agency,·,"Level 1, 1-5 Link Road, 136 Epsom Rd",Closed,· Opens 8:30 AM,·,+61 1300 014 401,http://www.oa.agency/,hello@oa.agency
https://www.google.com/maps/place/Digital+Next/data=!4m7!3m6!1s0x6ad667f0bb1d2891:0xabd01d38737bc34a!8m2!3d-37.832008!4d144.949356!16s%2Fg%2F11b6qfn868!19sChIJkSgdu_Bn1moRSsN7czgd0Ks?authuser=0&hl=en&rclk=1,Digital Next,4.9,(123),Marketing agency,·,·,Closed,· Opens 9 AM,133 Buckhurst St,+61 3 9699 4585,https://www.digitalnext.com.au/,info@digitalnext.com.au
https://www.google.com/maps/place/GMS+Media+Group/data=!4m7!3m6!1s0x6b12b1bb0deaaaab:0xdf7bec7b5a07a409!8m2!3d-33.8859629!4d151.21092!16s%2Fg%2F11h1yvs871!19sChIJq6rqDbuxEmsRCaQHWnvse98?authuser=0&hl=en&rclk=1,GMS Media Group,5.0,(118),Marketing agency,·,Level 5/80 Cooper St,Closed,· Opens 9 AM,·,+61 2 9095 4220,https://gmsmediagroup.com/?utm_source=google&utm_medium=organic&utm_campaign=gmb,
https://www.google.com/maps/place/Whitehat+Agency/data=!4m7!3m6!1s0x6b12ae3f114c93b3:0xe91bf8ed22ddf7a7!8m2!3d-33.9112339!4d151.2123527!16s%2Fg%2F1ptyqv4y0!19sChIJs5NMET-uEmsRp_fdIu34G-k?authuser=0&hl=en&rclk=1,Whitehat Agency,5.0,(27),Marketing agency,·,·,Closed,· Opens 9 AM,"Level 1 1-5 Link Road, 136 Epsom Rd",+61 1800 465 300,https://www.whitehatagency.com.au/,hello@whitehatagency.com.au
https://www.google.com/maps/place/Warren+Digital/data=!4m7!3m6!1s0xe8f1e5c996f7b73:0x42c8a8239b34e3ef!8m2!3d-33.9107063!4d151.1949907!16s%2Fg%2F11rqyyjw4_!19sChIJc3tvmVwejw4R7-M0myOoyEI?authuser=0&hl=en&rclk=1,Warren Digital,5.0,(53),Marketing agency,·,Unit A1/35/39 Bourke Rd,Closed,· Opens 9 AM,·,+61 1300 668 486,http://www.warrendigital.com.au/,
https://www.google.com/maps/place/Uppercut+Digital+Agency+Sydney/data=!4m7!3m6!1s0x6b12edc1440c0407:0x9bd36417d6542db7!8m2!3d-33.9255066!4d151.183948!16s%2Fg%2F11krytq0h_!19sChIJBwQMRMHtEmsRty1U1hdk05s?authuser=0&hl=en&rclk=1,Uppercut Digital Agency Sydney,5.0,(78),Internet marketing service,·,Level 3/1 Chalmers Cres,Closed,· Opens 9 AM,·,+61 1300 877 288,https://uppercutdigital.com.au/?utm_source=google&utm_medium=organic&utm_campaign=gmb,
https://www.google.com/maps/place/Xugar/data=!4m7!3m6!1s0x6ad6438e5ac72ead:0x688cbb80afb30d9e!8m2!3d-37.8303862!4d144.9662079!16s%2Fg%2F11h0_j58wj!19sChIJrS7HWo5D1moRng2zr4C7jGg?authuser=0&hl=en&rclk=1,Xugar,4.7,(101),Marketing agency,·,·,Closed,· Opens 9 AM,Level G/99 Coventry St,+61 1300 565 610,https://xugar.com.au/,hello@xugar.com.au
https://www.google.com/maps/place/Sterling+BPO+Solutions+%28Pvt%29+Ltd/data=!4m7!3m6!1s0x3ae2efd2346d2901:0xa386cd6d26eadbfa!8m2!3d7.1429356!4d79.8754132!16s%2Fg%2F1yf_9mhwx!19sChIJASltNNLv4joR-tvqJm3NhqM?authuser=0&hl=en&rclk=1,Sterling BPO Solutions (Pvt) Ltd,4.8,(34),BPO company,·,"No.12A, 005 Church Rd",Closed,· Opens 4:30 AM Wed,·,0112 258 528,https://sterlingbpo.com/,
https://www.google.com/maps/place/The+New+Trends+-+TNT/data=!4m7!3m6!1s0x3ae2f93126764c2d:0xd08ff02b38ff179b!8m2!3d6.8924645!4d79.8722544!16s%2Fg%2F11jcl7vck6!19sChIJLUx2JjH54joRmxf_OCvwj9A?authuser=0&hl=en&rclk=1,The New Trends - TNT,5.0,(8),Marketing agency,·,·,Closed,· Opens 9 AM Wed,"18/3 1/1 Pathiba Road, Col 5",,,
https://www.google.com/maps/place/The+Marketing+Co/data=!4m7!3m6!1s0x6b12be96c7d50459:0xfa957b9840fb8d25!8m2!3d-33.8792666!4d151.1961293!16s%2Fg%2F11ckqzqb8q!19sChIJWQTVx5a-EmsRJY37QJh7lfo?authuser=0&hl=en&rclk=1,The Marketing Co,4.8,(24),Marketing agency,·,Suite 29/330 Wattle St,Closed,· Opens 9:30 AM,·,+61 2 8066 0291,https://themarketingco.com.au/,info@themarketingco.com.au
https://www.google.com/maps/place/If+%26+When+Creative+Agency/data=!4m7!3m6!1s0x6b129feceadb72cf:0x3acbe8ba4de4f192!8m2!3d-33.8930431!4d151.2492536!16s%2Fg%2F11gl46mbm8!19sChIJz3Lb6uyfEmsRkvHkTbroyzo?authuser=0&hl=en&rclk=1,If & When Creative Agency,5.0,(30),Marketing agency,·,"Level 1, 9/13 Bronte Rd",Closed,· Opens 9 AM,·,+61 1300 681 477,https://ifandwhen.co/,
https://www.google.com/maps/place/Rise+SEO/data=!4m7!3m6!1s0x6b93fd59201cdcc5:0xa090138c30098168!8m2!3d-27.3260947!4d152.9811231!16s%2Fg%2F11hyn4sfmw!19sChIJxdwcIFn9k2sRaIEJMIwTkKA?authuser=0&hl=en&rclk=1,Rise SEO,5.0,(87),Internet marketing service,·,9/193 S Pine Rd,Closed,· Opens 8 AM,·,+61 1300 000 736,https://riseseo.com.au/,hello@riseseo.com.au
https://www.google.com/maps/place/Wise+Up+Marketing+-+Digital+Marketing+Agency+Inner+West+%26+Sydney/data=!4m7!3m6!1s0x6b12b05afb1b5f7f:0xe06ab94ab851d0b5!8m2!3d-33.9208291!4d151.1967912!16s%2Fg%2F11cr_0hhjy!19sChIJf18b-1qwEmsRtdBRuEq5auA?authuser=0&hl=en&rclk=1,Wise Up Marketing - Digital Marketing Agency Inner West & Sydney,4.8,(25),Marketing agency,·,1/674 Botany Rd,Closed,· Opens 9 AM,·,+61 2 9188 4480,http://www.wiseupmarketing.com.au/,hoot@wiseupmarketing.com.au
https://www.google.com/maps/place/Digital+Oasis+Australia/data=!4m7!3m6!1s0x6ad65dcc6df41cfb:0x8acf0e67ecf4d796!8m2!3d-37.8436597!4d144.9959948!16s%2Fg%2F11mgk4zmjv!19sChIJ-xz0bcxd1moRltf07GcOz4o?authuser=0&hl=en&rclk=1,Digital Oasis Australia,5.0,(9),Marketing agency,·,11 Wilson St,Closed,· Opens 9 AM,,,https://www.digitaloasis.com.au/?utm_source=GMB&utm_medium=organic,
https://www.google.com/maps/place/CLIQ+Marketing+Content/data=!4m7!3m6!1s0xafd3a5f70835bdf7:0x30b6feaa8dbe9fb1!8m2!3d-34.9251365!4d138.606748!16s%2Fg%2F11sg7yplty!19sChIJ9701CPel068RsZ--jar-tjA?authuser=0&hl=en&rclk=1,CLIQ Marketing Content,4.8,(120),Marketing agency,·,l2/70 Hindmarsh Square,Closed,· Opens 9 AM,·,+61 8 8119 0955,https://www.cliqmc.com.au/?utm_source=google&utm_medium=organic&utm_campaign=gmb,
https://www.google.com/maps/place/Onyx+Agency/data=!4m7!3m6!1s0x48d16e177d39b22d:0xded27bcd2a40f7ec!8m2!3d-33.8482439!4d150.9319747!16s%2Fg%2F11ldrc22ky!19sChIJLbI5fRdu0UgR7PdAKs170t4?authuser=0&hl=en&rclk=1,Onyx Agency,5.0,(32),Marketing agency,·,,Closed,· Opens 9 AM,,+61 420 407 810,https://onyxagency.com.au/,info@onyxagency.com.au
